Feature,Importance
team_size,29627.787734964593
subscription_plan_Premium,27168.13344504582
experience_years,22069.44212017383
business_type_Retail,15385.011391254866
subscription_plan_Standard,12083.451126638185
region_Upper_Egypt,9968.72987089113
monthly_ad_spend,9169.97377994431
business_type_Services,8991.30430191697
region_Cairo,8682.217463748222
customer_rating,7556.0095447359545
experience_proxy,6232.783853522438
website_visits,4376.245006088987
region_Delta,3589.4663226806447
business_type_Manufacturing,3477.2322867143735
age,2054.35561935281
revenue_potential,1963.8720433191995
ad_spend_per_visit,1421.3403165278287
experience_rating,605.918957954435
