age,experience_years,experience_proxy,monthly_ad_spend,website_visits,team_size,customer_rating,region,business_type,subscription_plan,noise_feature_1,noise_feature_2,annual_revenue
23,0,-1.28,120217.22,394762,8,4.01,Alexandria,Ecommerce,Standard,-294.95,-18.61,240086.12
51,29,28.75,54622.52,183214,56,2.89,Cairo,Services,Basic,-461.02,44.49,274237.97
46,20,23.79,41675.76,113096,141,2.89,Upper_Egypt,Manufacturing,Basic,-2156.89,-15.63,294387.86
37,13,15.73,13457.42,41326,91,4.64,Cairo,Services,Standard,682.77,21.51,247522.89
37,14,13.88,9281.03,11671,93,3.28,Cairo,Services,Standard,-1233.05,38.27,226068.17
55,29,29.4,32526.42,113516,14,4.08,Upper_Egypt,Services,Premium,63.27,-32.92,187301.14
23,1,-0.46,7884.32,25290,78,4.07,Upper_Egypt,Services,Standard,-808.27,-29.44,144108.28
48,24,22.24,15052.51,18275,59,4.6,Upper_Egypt,Manufacturing,Premium,-388.73,8.1,237855.46
28,8,8.09,16515.32,43286,73,4.35,Upper_Egypt,Retail,Basic,1152.29,34.38,157936.72
23,0,-1.3,59445.26,165535,40,4.6,Cairo,Services,Standard,531.62,-42.11,220319.78
41,18,18.43,13795.59,31940,32,4.06,Upper_Egypt,Ecommerce,Premium,1130.04,35.09,187201.96
60,35,33.97,2889.07,13031,143,3.62,Alexandria,Manufacturing,Basic,330.39,-15.69,291472.52
50,28,27.85,26277.29,65572,85,3.48,Delta,Ecommerce,Standard,396.14,-9.38,259479.57
51,26,26.97,10655.81,16405,63,3.45,Cairo,Manufacturing,Standard,-1781.14,-16.01,264037.63
49,31,32.41,18584.82,53091,12,3.55,Delta,Manufacturing,Basic,-317.52,41.15,189873.07
52,33,34.53,16866.73,37960,115,2.82,Alexandria,Services,Standard,-224.91,-36.92,291854.08
41,19,17.85,14659.58,39406,72,3.56,Delta,Manufacturing,Basic,1223.66,7.43,214793.6
25,1,2.14,32561.39,123603,59,3.47,Cairo,Manufacturing,Basic,-506.23,-35.19,200085.44
54,29,28.83,5701.46,7048,101,2.59,Cairo,Retail,Basic,264.86,42.86,258533.14
38,17,18.33,12214.35,35847,21,3.19,Alexandria,Ecommerce,Basic,225.76,29.79,174229.48
40,17,17.5,30066.16,85110,81,4.38,Cairo,Retail,Basic,1157.68,-26.62,206469.03
35,13,11.6,11356.7,23174,130,3.94,Delta,Ecommerce,Premium,-133.74,-20.22,269483.88
27,1,0.62,5385.8,1000,71,4.52,Cairo,Retail,Basic,827.79,-11.85,172848.3
57,34,35.49,29719.05,82474,2,3.86,Alexandria,Ecommerce,Premium,-1704.87,-9.46,256391.16
52,31,32.73,41791.49,120952,36,4.64,Cairo,Services,Standard,-1614.02,31.73,255580.26
46,20,20.42,17402.7,49448,10,4.49,Cairo,Ecommerce,Basic,-2283.34,6.45,221435.06
36,18,20.53,4136.03,1000,76,2.75,Delta,Retail,Basic,785.98,-7.21,185601.13
53,27,29.12,30564.8,65833,56,4.94,Cairo,Ecommerce,Premium,673.67,21.94,275698.58
42,23,23.36,5183.37,24593,21,2.54,Cairo,Services,Standard,896.83,-4.21,180878.38
38,18,19.52,22691.06,63863,104,3.99,Cairo,Ecommerce,Premium,-677.36,-37.18,324184.28
38,13,15.9,9251.39,35172,28,4.48,Cairo,Services,Basic,-563.55,-39.25,194232.08
29,5,7.7,7542.04,18136,52,3.33,Delta,Retail,Standard,-121.05,-17.4,176084.58
23,0,-1.6,12922.1,36458,149,4.0,Cairo,Services,Standard,1443.7,10.29,226427.28
42,18,17.34,15688.04,47683,11,3.41,Cairo,Manufacturing,Premium,1693.83,-36.52,192788.61
56,33,35.92,11103.0,18606,38,2.65,Delta,Retail,Basic,793.81,5.01,186811.97
22,1,-0.35,27991.45,84994,49,2.52,Alexandria,Ecommerce,Premium,331.02,-23.04,189902.77
55,37,36.39,12881.85,39399,77,2.74,Alexandria,Retail,Basic,1335.38,19.54,242423.47
53,34,34.39,37544.05,138567,38,2.75,Cairo,Ecommerce,Premium,-255.84,-47.17,271542.02
31,11,11.88,22225.75,49057,146,4.03,Upper_Egypt,Retail,Standard,-390.94,-3.1,242727.47
45,27,27.68,10667.52,43987,2,3.81,Cairo,Services,Standard,-129.02,-44.77,189935.39
26,4,3.27,9401.95,20997,143,3.64,Cairo,Services,Basic,-978.71,-16.95,228655.15
51,27,26.93,5231.77,2318,81,4.23,Upper_Egypt,Retail,Standard,-175.01,-48.44,253185.71
48,22,21.73,22385.68,67301,7,2.54,Delta,Services,Basic,-1117.41,-3.09,135829.93
34,12,11.22,13796.72,38294,19,3.18,Delta,Services,Standard,1025.01,26.7,165951.88
22,0,2.97,3038.08,3355,17,4.44,Upper_Egypt,Services,Standard,543.69,-39.98,151891.59
59,33,34.38,12044.23,31697,44,4.77,Cairo,Manufacturing,Standard,1429.56,23.52,259953.01
38,13,14.54,9157.71,27465,51,3.6,Delta,Services,Standard,-1629.28,8.42,177508.01
56,34,34.38,58681.82,138852,97,2.7,Delta,Manufacturing,Standard,1901.7,0.46,314149.99
47,27,27.57,5019.29,12360,48,4.5,Cairo,Services,Standard,-1572.48,9.95,222393.7
51,25,24.82,6106.53,15099,110,4.71,Cairo,Retail,Standard,-1198.31,-16.41,276553.8
51,31,28.48,41382.12,86645,45,3.53,Cairo,Retail,Standard,-620.82,21.03,235187.37
27,6,4.39,49796.47,125895,41,3.11,Upper_Egypt,Services,Standard,1307.72,27.97,141949.08
34,16,14.13,10294.76,50898,43,2.61,Cairo,Services,Standard,225.57,27.82,189997.31
39,14,11.5,11204.41,26029,51,3.98,Cairo,Manufacturing,Standard,-243.83,-23.05,188052.79
40,17,15.96,28575.46,86442,126,4.77,Delta,Ecommerce,Basic,-792.63,15.39,275118.09
21,3,4.81,3142.59,1000,38,4.19,Delta,Services,Standard,-1375.94,-35.19,174753.26
42,23,23.63,4457.0,7836,42,3.29,Cairo,Services,Basic,1132.63,-0.46,232714.56
26,4,5.8,14582.49,29446,144,4.11,Delta,Services,Basic,798.64,-49.74,229804.65
50,28,29.37,57557.8,152306,99,4.58,Alexandria,Ecommerce,Standard,1352.45,-30.64,335348.58
48,23,24.71,12982.14,33974,30,3.69,Delta,Retail,Basic,396.82,13.17,189490.92
57,37,36.94,19415.55,59569,131,4.55,Cairo,Retail,Standard,-2642.1,37.44,323028.85
50,24,25.4,42128.05,137057,29,3.48,Cairo,Services,Premium,-1244.58,-45.1,215752.18
35,13,14.34,87403.5,232880,26,3.37,Delta,Retail,Basic,464.87,5.86,230686.07
59,34,34.27,11678.33,25291,68,3.96,Cairo,Ecommerce,Basic,-369.72,13.68,248089.49
36,16,17.21,17774.13,68461,104,3.66,Alexandria,Retail,Basic,-558.84,43.24,252545.8
33,15,16.19,70591.74,187284,30,4.94,Cairo,Retail,Basic,-1103.23,15.51,238534.87
57,38,38.43,5747.25,3823,114,3.79,Delta,Manufacturing,Standard,947.59,-39.7,279153.38
35,14,12.96,38902.46,101775,25,3.46,Upper_Egypt,Manufacturing,Standard,456.19,-35.33,189745.95
23,0,-1.54,8386.6,9853,118,3.49,Delta,Services,Standard,501.19,13.58,238221.25
39,21,21.74,19437.92,43501,16,3.87,Upper_Egypt,Services,Basic,-633.6,-28.44,198757.77
52,31,32.36,15005.36,23469,71,3.39,Upper_Egypt,Ecommerce,Standard,176.29,42.83,238307.65
27,9,8.24,8774.62,12386,97,4.31,Alexandria,Retail,Basic,-1337.76,42.07,191198.67
38,12,12.39,8611.04,2308,41,3.45,Cairo,Services,Standard,-129.83,44.87,188324.22
25,1,1.77,22146.57,59975,93,3.46,Upper_Egypt,Retail,Standard,-2527.93,-20.7,177403.35
48,24,25.52,37978.73,117702,104,4.04,Upper_Egypt,Services,Basic,-1568.12,21.69,280020.66
39,15,17.47,16331.07,40436,98,2.65,Upper_Egypt,Manufacturing,Standard,-322.31,16.3,227743.56
33,10,11.96,18971.86,42768,61,4.14,Delta,Ecommerce,Standard,2375.12,-46.44,177365.17
29,5,3.85,27625.86,80659,117,3.76,Cairo,Manufacturing,Basic,-1800.74,-23.44,241573.93
43,25,27.94,8685.52,7816,111,3.63,Upper_Egypt,Ecommerce,Standard,-1243.58,-29.32,256726.08
47,22,21.97,31347.71,66144,50,4.3,Upper_Egypt,Ecommerce,Standard,216.77,-12.92,232104.17
58,34,36.38,33277.42,86226,111,4.4,Delta,Ecommerce,Basic,1769.42,45.31,309390.92
37,13,13.48,126860.93,285612,138,4.62,Upper_Egypt,Ecommerce,Basic,202.17,34.56,347831.26
26,5,4.61,13575.87,52440,123,3.44,Alexandria,Services,Standard,702.14,-20.66,243635.31
54,29,27.52,12766.32,39019,111,3.32,Upper_Egypt,Retail,Premium,-337.6,3.0,258131.22
45,24,24.5,32043.56,94478,116,4.29,Cairo,Services,Standard,-510.62,-30.77,297219.06
48,30,28.87,33271.46,90680,121,3.95,Upper_Egypt,Retail,Standard,82.18,-22.26,278294.8
23,0,1.26,12049.9,35350,45,4.08,Cairo,Services,Standard,-658.29,-43.5,140476.29
32,12,14.33,13303.14,35102,109,3.89,Cairo,Retail,Basic,724.27,14.26,225250.75
51,33,32.95,27010.34,101365,31,4.43,Cairo,Services,Basic,-1606.27,15.69,280557.87
54,31,32.32,9676.34,10941,55,2.98,Alexandria,Retail,Basic,889.99,33.85,182962.15
37,17,16.57,13229.79,36260,141,3.89,Cairo,Retail,Premium,39.31,37.16,290383.39
52,27,26.99,19251.06,66440,44,2.9,Upper_Egypt,Services,Standard,-214.72,-33.99,207688.43
54,33,35.0,37990.11,84818,127,3.52,Alexandria,Retail,Premium,-1642.98,24.3,329174.35
35,17,17.46,11437.79,32112,64,4.16,Upper_Egypt,Manufacturing,Basic,-979.79,-36.53,179989.35
56,30,33.16,4520.32,5480,33,3.73,Cairo,Services,Standard,1198.65,-12.63,201614.54
31,9,8.64,4275.6,9318,16,3.45,Cairo,Services,Standard,-208.6,1.55,134619.61
29,9,10.57,6999.31,2975,83,4.71,Delta,Retail,Basic,278.4,-45.05,215992.49
47,23,23.82,6722.74,25051,69,4.43,Delta,Manufacturing,Basic,-879.53,-34.32,206566.15
46,24,25.75,16029.23,47532,78,3.82,Alexandria,Ecommerce,Standard,-29.05,-22.89,246307.69
25,7,6.63,7379.54,25821,8,4.88,Delta,Services,Standard,-1372.15,-37.25,192686.2
54,30,30.84,10626.02,19359,41,3.56,Delta,Retail,Standard,99.88,43.41,202806.28
28,7,7.06,10072.48,22484,2,4.47,Alexandria,Ecommerce,Basic,370.64,-21.17,155031.37
53,29,28.78,12935.7,25975,47,2.92,Upper_Egypt,Manufacturing,Standard,320.61,0.12,232224.06
20,0,0.86,48533.29,109019,140,3.21,Delta,Services,Basic,-903.58,49.65,245521.9
52,29,30.72,29572.13,83428,24,3.35,Delta,Retail,Basic,-342.05,6.66,176733.32
52,28,29.61,18219.07,51021,104,2.76,Cairo,Retail,Standard,537.19,-8.85,253403.75
51,31,33.93,12738.16,24693,2,3.75,Cairo,Retail,Basic,-211.44,42.98,200525.72
47,27,29.69,13006.47,39319,85,2.98,Cairo,Ecommerce,Premium,-287.31,-27.75,314891.79
39,18,18.05,23015.82,53194,139,4.09,Delta,Manufacturing,Standard,1903.47,-32.05,266392.76
48,23,24.17,27896.43,44461,52,2.98,Delta,Manufacturing,Basic,-950.99,3.54,197994.98
31,9,8.46,9112.61,9852,31,2.81,Cairo,Ecommerce,Basic,1080.42,-7.27,169786.09
52,31,31.96,18499.29,58283,87,4.92,Delta,Retail,Standard,-1154.68,29.7,285155.98
42,17,16.73,3922.22,18522,43,4.15,Cairo,Manufacturing,Basic,654.78,-45.8,210650.8
38,13,15.5,21097.55,67258,134,4.84,Cairo,Services,Basic,708.15,11.77,255589.73
40,14,14.89,31880.15,83641,128,3.72,Upper_Egypt,Services,Basic,-510.37,21.07,231992.99
43,23,23.41,14589.77,28810,99,2.58,Cairo,Ecommerce,Basic,-1217.48,47.19,251533.18
21,0,1.55,70299.66,168815,97,3.94,Cairo,Retail,Standard,-1970.43,-35.42,261229.72
25,2,-0.76,9294.69,29642,91,3.9,Alexandria,Ecommerce,Standard,-615.11,-25.38,201713.87
30,8,5.62,21188.36,51940,111,2.54,Cairo,Manufacturing,Basic,526.22,43.24,216765.0
24,3,4.12,17522.81,41779,70,4.65,Delta,Ecommerce,Standard,-1077.63,13.06,183488.34
38,19,19.65,16695.66,43355,146,4.05,Upper_Egypt,Ecommerce,Basic,96.95,-46.2,302997.79
47,27,28.14,16520.96,42667,53,4.36,Alexandria,Services,Standard,-1476.43,-42.27,244726.71
46,24,23.0,19505.58,46646,3,3.73,Alexandria,Retail,Basic,-233.89,28.54,194370.98
39,14,14.39,33999.33,112812,106,4.05,Cairo,Ecommerce,Standard,-1147.04,6.75,275167.83
55,30,33.5,50585.95,181366,100,3.14,Alexandria,Ecommerce,Basic,-77.98,6.54,294570.75
43,24,25.79,17969.65,68803,148,4.93,Cairo,Manufacturing,Standard,-501.08,37.99,296085.64
23,0,0.22,33177.06,103513,60,3.5,Cairo,Retail,Basic,-1190.37,-25.89,133445.47
51,33,33.42,10633.9,13720,65,2.91,Upper_Egypt,Services,Premium,-658.87,-33.96,269384.49
43,19,19.06,31971.29,53607,85,2.64,Alexandria,Services,Basic,-934.16,11.38,222829.33
46,25,22.98,10164.26,14404,60,4.09,Alexandria,Ecommerce,Premium,-1313.92,38.24,262414.76
43,21,21.96,40787.13,119889,118,4.96,Cairo,Ecommerce,Premium,1082.75,-23.47,308568.73
42,18,19.64,94476.62,228069,65,4.74,Delta,Manufacturing,Basic,-360.17,18.13,253502.91
23,2,0.01,16425.07,46474,118,4.26,Cairo,Retail,Basic,-2202.23,-34.76,234386.55
42,17,16.65,3476.28,21736,65,4.98,Cairo,Services,Basic,-623.28,-32.81,252151.1
52,30,29.4,11933.11,30865,35,4.31,Delta,Retail,Premium,914.71,40.15,226591.18
32,6,4.93,45344.01,98503,149,3.35,Alexandria,Retail,Standard,-761.36,-38.2,271023.0
44,21,21.7,27253.43,52280,80,4.0,Upper_Egypt,Services,Standard,1497.74,-47.57,238558.15
21,1,-1.68,21694.46,52512,107,2.7,Cairo,Ecommerce,Basic,-856.66,27.49,202765.47
34,10,11.1,38354.54,93867,90,3.05,Delta,Services,Premium,503.41,-13.75,269708.88
37,16,17.46,25886.25,64644,55,3.54,Upper_Egypt,Services,Basic,1036.64,-10.33,179470.38
60,38,38.81,44865.34,150401,146,3.0,Alexandria,Ecommerce,Basic,450.19,29.99,361820.58
28,9,6.05,35871.37,106344,57,4.88,Delta,Ecommerce,Basic,-1374.49,-32.01,218762.86
31,12,11.06,56353.65,156483,149,4.99,Cairo,Retail,Standard,-942.47,15.03,310135.43
36,13,14.99,23558.08,58908,66,3.43,Delta,Services,Premium,1170.07,-18.65,245856.7
60,38,35.53,35492.32,88935,5,4.27,Upper_Egypt,Ecommerce,Standard,-804.61,-39.57,247669.18
54,28,28.39,14296.67,36260,7,3.52,Delta,Ecommerce,Basic,975.68,18.75,190359.63
21,0,-1.53,11464.74,25088,147,2.85,Upper_Egypt,Ecommerce,Basic,-430.28,-18.13,229815.56
29,5,6.2,64744.42,194956,80,3.34,Alexandria,Retail,Standard,141.44,36.66,245722.41
53,29,28.99,21168.73,59635,59,3.08,Alexandria,Services,Standard,-1386.11,41.9,261708.39
22,0,0.53,32918.41,78925,122,3.32,Cairo,Manufacturing,Basic,-608.27,34.91,151762.01
55,37,38.85,19750.46,59890,93,3.04,Delta,Services,Basic,-875.31,-17.76,274287.04
31,10,12.69,11593.97,28834,100,2.78,Upper_Egypt,Services,Standard,225.6,-26.34,202525.71
57,35,35.79,18148.88,36597,104,3.04,Delta,Manufacturing,Premium,93.2,39.28,297209.77
32,6,6.67,52845.22,150398,31,4.76,Cairo,Retail,Standard,462.65,-4.71,216732.12
37,18,16.61,27297.68,80866,15,2.71,Alexandria,Ecommerce,Basic,-490.52,20.77,182857.97
47,25,27.3,4986.66,23682,110,3.31,Delta,Manufacturing,Standard,-930.23,32.72,269157.04
25,4,3.13,15316.62,38228,5,3.82,Upper_Egypt,Retail,Basic,182.73,-22.23,106938.68
42,23,22.96,68517.7,209978,109,3.39,Cairo,Ecommerce,Premium,-1029.59,-38.09,358526.33
40,22,22.63,15333.26,48290,21,3.79,Cairo,Services,Basic,1078.42,12.48,209753.88
52,31,29.9,4664.65,1000,41,2.61,Cairo,Manufacturing,Basic,-114.52,9.02,223097.84
60,38,39.44,74452.28,184243,107,4.12,Cairo,Manufacturing,Standard,-326.14,-22.98,363878.42
47,29,31.13,30029.08,106882,94,3.91,Upper_Egypt,Manufacturing,Basic,462.18,8.47,281391.16
36,15,15.83,17079.21,59439,118,4.2,Alexandria,Retail,Basic,-76.36,29.04,258834.14
36,17,15.44,13623.67,43028,93,3.92,Alexandria,Ecommerce,Standard,-1658.05,-15.0,246255.25
37,15,15.29,40533.78,128400,9,3.59,Cairo,Manufacturing,Standard,-1061.43,-25.77,218231.54
53,35,37.01,11987.74,43969,127,3.38,Alexandria,Ecommerce,Premium,1057.71,22.5,329941.33
33,13,10.95,42587.64,110856,34,3.07,Upper_Egypt,Ecommerce,Basic,83.88,28.59,214500.96
26,4,2.72,27031.92,70509,22,3.75,Alexandria,Retail,Basic,-1681.57,45.43,163989.52
33,7,8.35,21625.72,97240,132,2.57,Cairo,Manufacturing,Standard,352.11,-35.24,234451.37
20,0,0.35,20075.65,56934,31,3.32,Cairo,Retail,Basic,-559.26,38.93,181366.06
24,0,0.54,15786.35,39157,81,4.19,Upper_Egypt,Services,Basic,-874.5,26.51,129236.34
23,2,4.48,39432.95,93628,74,2.77,Upper_Egypt,Manufacturing,Premium,-1144.87,20.19,208577.91
51,29,30.48,9406.16,26358,116,2.66,Cairo,Manufacturing,Premium,999.93,-18.69,282537.46
49,28,29.7,5333.07,1000,8,4.13,Delta,Manufacturing,Basic,-1965.5,-47.78,220774.26
48,23,27.21,28537.01,77325,17,3.49,Cairo,Services,Standard,-837.53,0.76,216973.68
38,12,12.08,28898.81,63696,63,4.5,Alexandria,Retail,Standard,120.13,-21.42,200522.78
49,23,22.65,25804.6,59041,72,4.84,Cairo,Services,Basic,1578.36,-21.02,248055.07
26,2,2.62,24438.7,54288,119,4.89,Delta,Retail,Standard,553.86,42.71,213896.33
56,34,35.59,14153.56,27107,92,3.56,Upper_Egypt,Manufacturing,Basic,-846.02,-34.7,248548.58
40,18,17.86,32491.67,87343,24,3.16,Cairo,Services,Basic,1529.35,43.42,185860.5
58,32,31.62,17395.35,62401,147,4.02,Alexandria,Services,Premium,-1355.12,0.38,322596.67
26,6,9.18,12491.35,51017,70,4.07,Cairo,Retail,Standard,265.34,33.83,203893.84
40,19,19.99,14245.67,44003,145,4.06,Cairo,Services,Basic,487.78,-21.64,286722.64
48,22,21.71,81928.88,250560,149,3.3,Cairo,Manufacturing,Standard,-881.12,13.39,326465.51
40,19,20.76,4899.53,11729,9,2.66,Cairo,Ecommerce,Premium,697.59,5.66,165945.49
38,18,18.4,26185.68,91052,77,3.03,Upper_Egypt,Retail,Basic,-513.89,42.42,204222.87
26,3,2.76,5109.18,24590,64,2.89,Cairo,Retail,Premium,695.14,-32.07,193640.8
35,15,16.18,16596.58,32842,76,2.81,Upper_Egypt,Services,Premium,-1839.6,-29.54,226105.58
29,3,1.41,13002.62,33523,48,4.82,Cairo,Retail,Basic,334.98,44.9,181117.26
32,6,6.64,3768.21,1000,85,2.53,Alexandria,Manufacturing,Standard,-412.11,-40.2,213540.76
48,28,31.33,24098.51,74379,75,4.0,Alexandria,Ecommerce,Standard,1149.7,13.47,289146.33
45,23,24.3,13535.87,54844,29,4.87,Upper_Egypt,Retail,Standard,-43.98,-43.94,249217.28
44,18,18.05,3728.35,10608,44,3.4,Cairo,Ecommerce,Basic,1249.23,-42.3,254178.38
34,10,9.64,33786.04,54932,23,3.82,Cairo,Services,Basic,507.61,9.71,145155.45
59,38,38.61,52806.08,156003,127,4.24,Delta,Retail,Basic,-127.51,5.14,284692.45
23,0,-0.33,55034.76,105137,102,3.29,Delta,Services,Standard,787.67,7.3,215477.53
34,11,10.84,23560.91,53319,59,3.69,Delta,Retail,Standard,794.06,-2.63,200846.81
24,1,2.22,18632.65,61526,60,4.54,Cairo,Services,Standard,471.91,24.24,193133.91
33,15,13.2,48739.47,139312,13,4.36,Cairo,Manufacturing,Standard,-2292.3,49.22,229546.75
59,38,40.26,63571.13,179896,45,4.52,Delta,Manufacturing,Basic,-982.56,-22.42,279534.87
35,10,9.81,42121.08,106272,139,4.97,Delta,Services,Basic,1384.11,-17.66,255913.43
57,37,38.6,8883.7,28881,6,3.43,Delta,Ecommerce,Standard,-1255.95,-17.7,211875.17
40,20,19.13,20934.12,59203,23,4.37,Cairo,Retail,Standard,882.46,26.33,204674.42
48,28,30.57,25028.34,60392,128,4.01,Cairo,Services,Standard,706.45,-15.2,322966.31
38,19,21.19,4632.79,10687,79,4.17,Upper_Egypt,Retail,Basic,-725.75,17.67,190558.81
30,11,12.58,25594.88,79225,6,4.35,Delta,Services,Basic,-1995.23,-5.41,152867.32
51,30,28.93,98999.58,250290,74,4.37,Cairo,Retail,Premium,-568.91,10.78,348140.26
59,34,36.1,29087.95,50720,113,4.71,Upper_Egypt,Manufacturing,Basic,2078.02,32.9,287763.08
30,12,12.89,54349.29,164630,53,3.37,Alexandria,Manufacturing,Basic,-863.28,1.41,231488.7
51,31,29.84,20646.75,32304,58,4.13,Cairo,Services,Standard,-794.26,-2.48,245579.74
30,12,12.33,17038.2,48042,96,3.2,Cairo,Ecommerce,Standard,-997.58,-23.3,219255.32
49,26,27.25,23958.55,50635,91,3.99,Delta,Retail,Premium,1214.78,1.59,277144.87
52,32,33.68,9762.04,24742,136,4.38,Cairo,Ecommerce,Premium,-242.92,-23.76,350084.93
38,13,13.62,8736.77,30612,38,4.48,Alexandria,Retail,Standard,-625.91,34.36,171271.57
50,27,28.19,46530.14,135740,43,3.55,Delta,Retail,Basic,1413.47,-11.11,247988.26
31,6,8.1,50381.73,95654,25,3.77,Cairo,Ecommerce,Standard,579.49,-37.09,234381.83
23,0,1.59,8559.5,30100,101,3.33,Upper_Egypt,Services,Premium,-919.29,-26.0,184132.89
23,2,-1.67,37202.31,78284,81,2.92,Cairo,Services,Basic,-1223.58,3.46,218429.64
38,13,12.98,16863.5,22837,53,3.15,Cairo,Services,Premium,1158.17,41.63,172828.75
57,35,35.84,23224.97,92700,105,4.78,Delta,Retail,Standard,16.79,-19.94,319544.47
25,0,-2.28,25419.99,70482,58,3.27,Delta,Retail,Basic,-1549.06,-23.56,133440.9
38,12,12.48,37944.88,90501,31,4.94,Alexandria,Ecommerce,Standard,-1783.12,-9.34,235664.79
48,25,27.37,19152.06,53402,82,3.1,Delta,Ecommerce,Standard,-1116.04,46.78,232127.68
28,4,2.71,51831.25,143474,67,4.31,Upper_Egypt,Retail,Basic,-1239.48,34.52,186185.06
49,29,30.31,22701.51,70501,62,3.93,Delta,Services,Basic,-2046.08,-35.03,221991.95
32,7,6.02,28746.33,80929,68,4.24,Delta,Ecommerce,Standard,-1099.51,11.38,210263.05
53,29,29.0,9635.22,8803,138,4.11,Cairo,Ecommerce,Basic,-919.08,29.19,337347.57
43,17,19.43,90864.19,293928,34,4.27,Cairo,Ecommerce,Basic,-462.68,26.8,259765.58
42,22,21.95,25603.79,60133,43,4.76,Alexandria,Services,Standard,1692.91,-1.12,270529.69
27,2,2.66,30726.33,83955,86,3.91,Cairo,Services,Standard,-266.84,23.18,208970.37
38,16,14.05,5388.31,16050,8,2.67,Delta,Services,Standard,-167.57,8.36,177102.57
55,36,39.5,9711.83,36415,23,3.18,Cairo,Services,Premium,509.26,-29.86,220226.55
20,1,1.81,45548.81,93092,86,4.27,Cairo,Retail,Premium,-237.32,-44.39,230219.45
51,28,28.6,22321.27,59829,77,3.74,Cairo,Retail,Standard,400.15,-13.05,250946.03
40,20,21.35,4284.64,13324,99,3.87,Cairo,Manufacturing,Basic,280.61,-43.81,270535.53
49,31,30.1,39216.17,96271,18,3.99,Cairo,Retail,Standard,122.59,-10.5,242740.28
47,26,28.32,11971.57,28407,129,3.46,Delta,Ecommerce,Basic,2766.47,32.89,234921.95
37,14,14.0,51876.17,123476,74,4.43,Alexandria,Services,Premium,911.13,34.43,240858.42
32,12,12.09,16852.43,37233,25,4.31,Cairo,Services,Standard,-1081.72,-46.59,173205.38
45,19,18.93,20986.97,63161,48,4.29,Cairo,Manufacturing,Basic,370.22,-43.05,236969.87
25,0,-0.75,43579.54,135003,35,4.29,Delta,Ecommerce,Standard,-791.74,16.99,199048.74
43,21,22.53,9182.06,1000,69,4.73,Cairo,Retail,Standard,446.25,-0.0,232602.99
23,0,0.33,8548.34,4077,71,3.99,Alexandria,Ecommerce,Premium,-1375.19,-35.06,191523.32
46,25,26.6,15533.48,47052,66,4.92,Alexandria,Services,Basic,-1107.78,30.55,253453.3
45,26,26.77,33473.41,81067,70,2.8,Alexandria,Services,Premium,343.91,-28.35,240392.64
23,5,5.82,6634.04,21869,137,4.08,Upper_Egypt,Ecommerce,Basic,997.67,-42.19,230121.37
51,25,25.21,5151.8,22202,144,4.29,Delta,Ecommerce,Standard,502.64,24.95,305384.94
37,11,14.23,33386.86,73872,75,3.69,Upper_Egypt,Services,Premium,854.12,10.81,218593.6
52,28,26.8,11451.7,14693,145,3.22,Upper_Egypt,Manufacturing,Basic,373.82,-10.56,278192.95
21,3,4.73,13412.7,51806,123,3.88,Cairo,Ecommerce,Basic,172.5,19.27,232784.83
27,7,8.99,4471.68,17387,124,3.41,Cairo,Ecommerce,Standard,-503.69,41.14,250420.49
40,22,21.55,10817.2,22243,35,4.77,Cairo,Retail,Premium,813.0,-46.58,210933.93
27,9,12.17,17898.13,38592,67,3.39,Cairo,Retail,Basic,1024.88,12.77,197294.33
33,13,14.68,36167.29,94868,54,2.94,Alexandria,Services,Standard,-63.12,-28.18,223135.81
47,24,25.98,10094.08,20861,16,3.94,Cairo,Ecommerce,Standard,-116.93,-2.59,221028.04
25,7,7.25,62389.93,170729,13,3.49,Cairo,Services,Basic,1591.41,-7.6,191568.53
47,21,21.35,10772.05,24932,94,2.74,Cairo,Ecommerce,Standard,-20.42,-11.0,248749.0
24,2,1.79,10783.89,44702,64,3.91,Delta,Retail,Basic,75.69,-30.96,172642.1
27,7,7.72,57019.31,148674,125,3.84,Delta,Ecommerce,Basic,484.23,30.26,258407.31
44,22,24.48,21093.54,44963,101,2.93,Upper_Egypt,Ecommerce,Premium,-97.81,-12.05,241283.63
52,27,28.05,11897.8,26491,14,3.99,Cairo,Ecommerce,Basic,-820.34,38.72,225973.74
26,6,5.0,16022.95,15586,126,3.92,Cairo,Ecommerce,Premium,377.97,-14.53,238226.87
32,14,15.49,49658.87,147718,75,4.43,Upper_Egypt,Manufacturing,Standard,-38.76,33.97,244996.54
57,38,40.34,54056.18,148621,86,3.4,Delta,Retail,Standard,1842.25,4.45,290242.67
60,35,36.9,9754.97,35389,145,3.12,Alexandria,Ecommerce,Basic,788.45,-11.44,299072.15
43,24,25.69,17436.16,21348,97,4.88,Alexandria,Manufacturing,Basic,-595.48,20.4,265003.81
38,15,15.1,19259.21,57097,5,3.9,Cairo,Services,Standard,729.06,28.67,169744.51
34,13,12.18,8590.8,37846,28,2.57,Upper_Egypt,Retail,Standard,307.87,-1.73,154372.02
45,21,20.5,17263.73,58058,65,4.55,Delta,Manufacturing,Standard,1309.43,-7.46,238308.75
44,26,24.65,18072.0,43367,7,2.99,Alexandria,Retail,Basic,-524.45,7.74,162262.56
32,6,6.49,42331.39,145637,26,4.47,Alexandria,Services,Basic,188.68,8.52,203397.61
20,0,-0.11,44520.09,109883,119,4.26,Cairo,Retail,Basic,-99.09,-7.45,233000.37
26,4,3.55,14061.84,47943,23,4.92,Cairo,Services,Standard,58.48,25.77,187863.21
59,38,35.3,15331.46,32943,26,4.91,Delta,Services,Basic,-885.2,-10.03,263558.79
37,11,9.71,29624.18,60167,77,3.19,Alexandria,Services,Standard,575.91,-4.7,238514.66
39,19,21.03,11605.52,19405,15,4.42,Cairo,Manufacturing,Standard,417.96,10.53,212547.56
39,17,16.65,27990.13,62083,40,3.29,Cairo,Services,Basic,1285.22,48.68,192803.19
52,31,32.4,16851.54,36738,141,4.07,Upper_Egypt,Services,Standard,-10.03,-23.93,272968.83
22,2,0.25,8700.0,28152,96,3.99,Cairo,Manufacturing,Standard,-411.84,-26.8,216063.04
23,2,3.93,8782.35,11318,145,2.64,Cairo,Ecommerce,Premium,789.29,-32.31,272485.02
31,12,12.17,53285.58,124204,54,2.51,Delta,Retail,Basic,-794.2,18.94,191049.02
39,21,22.01,16007.47,43867,93,2.64,Delta,Retail,Standard,1084.98,-5.09,162841.78
47,27,30.83,61598.49,173328,37,2.82,Delta,Ecommerce,Basic,1082.84,-11.14,251796.3
40,21,23.6,12245.33,34311,58,3.14,Upper_Egypt,Manufacturing,Standard,1257.28,-29.59,220635.54
38,17,17.11,22393.61,67223,28,4.77,Cairo,Services,Standard,376.62,39.11,210853.63
58,33,33.22,108297.2,271862,126,3.8,Upper_Egypt,Retail,Basic,-486.5,-5.68,351043.47
26,7,6.79,8144.41,27867,29,4.49,Upper_Egypt,Ecommerce,Standard,109.19,10.77,178343.35
43,25,26.41,4336.25,12064,32,4.6,Alexandria,Ecommerce,Standard,380.07,-38.75,213038.54
42,24,24.58,47243.47,116123,71,4.34,Delta,Services,Basic,-560.14,-39.2,273269.15
39,17,17.0,9681.97,17654,65,3.48,Cairo,Manufacturing,Standard,1333.12,-43.26,198459.11
53,33,35.9,17722.62,48731,48,4.66,Alexandria,Ecommerce,Basic,580.08,-13.27,253777.21
30,8,8.09,11599.16,23539,55,4.36,Cairo,Ecommerce,Premium,-892.22,-2.71,222190.9
59,38,42.13,22009.93,47847,45,4.36,Cairo,Ecommerce,Standard,1882.87,-25.54,268810.99
33,13,13.51,8823.95,19959,137,4.75,Upper_Egypt,Ecommerce,Standard,97.39,-15.03,268010.94
42,21,23.95,15727.59,40946,88,4.0,Cairo,Services,Premium,-1094.1,-49.37,295028.43
41,20,21.06,25222.42,71930,139,3.82,Alexandria,Services,Standard,-830.25,-14.89,308987.38
54,32,34.21,8449.78,8738,149,4.73,Cairo,Ecommerce,Basic,1487.78,-38.08,339359.36
37,12,11.42,10647.33,39427,98,3.64,Cairo,Ecommerce,Basic,1824.98,-37.16,199916.91
31,9,8.16,13871.48,21942,125,4.53,Cairo,Services,Basic,1009.49,-49.55,219839.47
20,0,0.6,6164.21,18005,18,2.63,Cairo,Retail,Premium,1319.31,19.64,143558.34
34,12,13.65,13110.99,24574,143,2.5,Delta,Ecommerce,Premium,1216.62,43.13,264267.15
53,33,34.04,19677.37,49185,73,3.82,Upper_Egypt,Ecommerce,Standard,556.92,12.15,254167.02
20,0,-1.67,13339.24,16774,108,2.68,Alexandria,Services,Basic,329.04,-40.38,213583.01
56,36,35.31,14685.19,57113,38,4.94,Upper_Egypt,Services,Basic,539.86,48.96,237423.46
42,19,17.71,17733.32,43065,16,2.51,Delta,Retail,Premium,736.02,47.56,189433.49
25,5,2.85,11007.36,44088,133,4.3,Delta,Manufacturing,Basic,-741.6,-3.18,245029.02
32,6,6.32,30224.98,77011,68,3.11,Cairo,Manufacturing,Standard,731.96,-39.21,206980.4
42,20,22.06,52844.59,123208,22,4.92,Cairo,Services,Basic,1458.62,22.07,274652.25
32,7,7.19,12706.15,51265,100,3.45,Upper_Egypt,Services,Basic,-206.37,46.15,172236.43
24,0,-2.94,25900.71,56172,10,2.57,Alexandria,Ecommerce,Standard,-313.25,27.87,126470.37
47,26,26.53,15039.18,46264,69,2.57,Cairo,Services,Premium,476.55,12.42,236922.11
47,27,27.6,23676.6,67646,106,3.88,Delta,Manufacturing,Standard,-649.66,11.08,306045.59
24,0,2.72,58247.8,138525,109,4.97,Cairo,Retail,Standard,-1316.82,47.79,265383.86
31,11,9.44,26360.49,74821,69,4.95,Delta,Retail,Basic,1147.72,-42.69,194568.38
29,9,8.76,4760.3,19162,57,3.34,Cairo,Services,Premium,-450.95,-35.04,189158.94
47,21,23.85,25301.62,64084,126,3.71,Upper_Egypt,Retail,Standard,18.45,33.08,283726.81
49,27,28.39,45377.64,104918,29,2.75,Cairo,Ecommerce,Standard,-610.13,-35.49,248178.59
49,31,32.66,15243.83,42277,13,3.81,Cairo,Ecommerce,Standard,1276.75,-11.67,258497.95
58,36,37.23,37981.45,107850,25,4.0,Delta,Retail,Basic,853.18,-21.85,231228.61
51,29,30.3,10727.23,31395,121,3.13,Cairo,Services,Basic,-240.74,-25.66,283299.36
33,8,9.25,5907.47,21491,72,4.03,Upper_Egypt,Ecommerce,Premium,-1179.9,-47.43,215039.76
24,0,-1.05,20010.33,67468,7,4.75,Delta,Manufacturing,Standard,-346.93,6.63,136087.25
45,26,27.92,4821.16,1603,27,2.5,Cairo,Services,Basic,570.15,-9.88,184057.27
57,38,37.36,15037.45,31085,6,3.07,Cairo,Retail,Basic,188.64,5.16,187883.72
59,36,37.51,47252.4,108884,123,3.02,Upper_Egypt,Ecommerce,Premium,109.1,-19.55,340086.59
29,11,11.56,4297.57,30815,70,2.81,Delta,Services,Standard,211.7,44.15,198288.19
29,9,8.47,6894.67,18729,12,2.92,Upper_Egypt,Ecommerce,Standard,758.8,9.13,158202.44
21,2,2.03,8300.76,23103,34,4.06,Cairo,Services,Basic,-41.86,46.12,164939.92
25,7,6.4,17165.16,18887,93,2.76,Upper_Egypt,Retail,Premium,450.01,-15.0,195510.49
42,16,15.09,13682.04,31871,90,4.35,Alexandria,Ecommerce,Premium,-986.92,-49.77,291675.98
42,24,24.26,51404.41,155174,124,4.72,Delta,Services,Standard,2553.85,28.13,325905.62
35,17,16.07,36823.38,76294,5,4.82,Cairo,Retail,Basic,-283.86,32.74,214880.49
32,6,6.6,26097.16,68723,12,4.15,Cairo,Services,Standard,203.59,-44.13,198174.07
54,35,34.55,20077.39,89912,7,2.99,Upper_Egypt,Manufacturing,Premium,566.47,12.54,222084.91
38,13,14.32,24174.4,50415,60,2.71,Upper_Egypt,Ecommerce,Standard,-410.79,16.1,200268.93
53,35,34.51,9429.9,16299,110,3.08,Cairo,Retail,Premium,7.82,-35.43,314811.7
59,38,38.4,34236.06,91356,100,4.9,Upper_Egypt,Ecommerce,Standard,-4.32,5.25,297006.76
33,15,14.64,7817.29,38981,33,4.91,Cairo,Retail,Basic,-914.04,-25.68,169067.81
28,4,5.84,33680.01,83415,99,3.45,Cairo,Services,Standard,438.59,-48.35,203045.05
59,36,37.51,43815.11,113402,99,3.31,Cairo,Services,Standard,-1649.22,36.69,309987.12
46,24,24.44,21084.12,45351,30,3.78,Cairo,Retail,Basic,1752.71,-0.83,197534.81
31,11,11.98,15771.62,47922,113,3.23,Cairo,Services,Basic,792.97,28.17,202318.47
45,27,25.07,24303.11,60953,64,4.95,Cairo,Manufacturing,Standard,639.12,22.29,275420.67
41,18,18.48,2104.83,1112,10,3.05,Cairo,Retail,Basic,-1736.64,49.37,151682.7
57,37,40.71,22580.02,50141,60,3.42,Delta,Ecommerce,Standard,-792.53,-6.2,289942.19
30,7,7.38,16532.96,42066,116,3.57,Delta,Ecommerce,Basic,1389.35,-7.24,256438.84
60,36,37.17,17329.33,53113,105,2.81,Delta,Services,Basic,4151.24,-21.82,276463.26
58,33,34.7,30577.7,106136,41,3.46,Cairo,Retail,Basic,1194.69,12.51,226874.34
27,5,6.31,17018.4,43222,114,4.64,Delta,Retail,Standard,1036.94,-1.39,235012.5
26,8,5.64,7653.91,25082,60,2.85,Cairo,Retail,Standard,524.97,22.88,178707.85
41,21,19.44,16188.8,47500,70,3.96,Delta,Ecommerce,Standard,-847.5,-14.35,234451.51
21,0,0.27,18935.5,55363,14,3.52,Alexandria,Manufacturing,Standard,995.17,-36.92,126253.25
32,10,9.37,19620.45,58836,150,2.93,Cairo,Manufacturing,Basic,-1101.21,36.24,246127.47
37,14,16.13,20324.18,48244,126,2.53,Cairo,Retail,Standard,-1210.59,32.8,241998.32
59,37,37.7,39247.92,101932,31,3.18,Delta,Retail,Premium,-1273.53,-14.9,272386.29
60,38,36.63,7971.29,29165,85,2.65,Upper_Egypt,Retail,Standard,975.72,19.04,257939.62
26,0,-1.65,20535.34,59480,118,3.44,Delta,Manufacturing,Basic,-57.41,-0.76,232720.42
56,32,29.39,47361.94,108411,77,4.53,Upper_Egypt,Retail,Standard,100.86,26.1,286486.15
23,0,-0.3,4900.87,8062,33,4.3,Upper_Egypt,Retail,Basic,-15.4,-10.99,127795.33
50,25,25.51,20596.2,59581,146,4.87,Cairo,Ecommerce,Basic,-1125.72,3.56,312449.85
54,34,34.47,11603.86,26277,42,3.57,Delta,Services,Basic,-670.73,-44.22,203132.96
56,36,38.48,13630.9,55859,51,4.27,Cairo,Retail,Basic,-620.43,-32.51,241293.46
29,9,10.83,9131.83,31980,57,4.16,Alexandria,Ecommerce,Basic,-1405.27,28.18,177603.22
56,30,30.68,15850.62,48641,134,3.04,Cairo,Retail,Standard,-504.21,-11.84,248630.12
24,1,-1.75,71615.64,160047,76,3.26,Upper_Egypt,Retail,Basic,-1081.31,-46.49,166921.66
41,19,20.37,6973.02,17797,109,3.82,Delta,Retail,Standard,577.68,-33.24,267484.21
39,13,14.11,7486.97,8081,136,4.49,Cairo,Services,Premium,660.97,-8.84,291908.52
32,9,9.67,6779.62,20216,140,3.65,Cairo,Manufacturing,Standard,-1293.64,21.79,249320.13
20,0,1.28,65754.98,185754,129,3.07,Alexandria,Services,Standard,-296.63,-13.65,255844.16
51,25,24.24,12725.62,25584,137,4.98,Delta,Ecommerce,Standard,1856.06,24.52,270317.93
33,15,18.06,17657.18,44729,143,2.79,Upper_Egypt,Services,Basic,-980.76,35.81,239440.8
47,26,25.53,13306.92,33668,149,4.89,Cairo,Ecommerce,Basic,426.64,-15.89,340419.06
36,12,13.33,8864.5,31791,97,4.52,Alexandria,Manufacturing,Standard,105.52,30.04,234309.29
35,10,8.11,15089.65,47836,21,4.6,Alexandria,Services,Premium,1092.89,-37.31,162923.13
56,37,36.9,113755.85,304039,18,4.49,Cairo,Manufacturing,Standard,295.47,-8.47,313018.68
23,3,5.06,51132.74,169242,120,3.02,Alexandria,Ecommerce,Premium,-431.3,-40.24,288898.49
50,28,28.5,9494.08,24196,49,4.08,Cairo,Ecommerce,Standard,66.76,-44.75,255243.93
50,25,26.84,29255.05,47176,121,4.39,Cairo,Retail,Standard,81.37,-43.55,269177.62
35,16,16.79,9647.8,18373,141,4.36,Cairo,Ecommerce,Standard,-91.7,-39.52,332334.7
30,7,7.07,4749.77,24783,98,3.18,Upper_Egypt,Services,Premium,-1319.11,33.57,184187.56
20,0,1.77,38667.71,104327,115,2.95,Cairo,Manufacturing,Standard,1243.09,4.37,224769.54
58,38,38.83,42967.39,116378,43,3.32,Cairo,Manufacturing,Premium,1066.43,44.74,276823.29
58,36,34.77,39445.14,140411,66,3.7,Delta,Services,Premium,-1044.19,3.8,276882.01
29,8,7.2,12653.99,17835,145,3.93,Upper_Egypt,Manufacturing,Standard,-300.73,12.87,233918.99
21,0,0.72,15883.64,42599,123,4.59,Alexandria,Manufacturing,Basic,-225.09,-31.55,229642.1
25,5,5.66,31585.43,71797,32,4.42,Cairo,Ecommerce,Basic,-1156.52,4.06,210175.1
22,0,-2.04,24142.98,75315,141,4.19,Delta,Retail,Standard,-1866.8,-11.47,223995.57
54,36,36.14,13398.51,46522,76,3.16,Cairo,Retail,Basic,-670.59,43.14,237783.15
56,31,31.17,5344.5,14773,127,3.7,Delta,Retail,Standard,-356.4,43.39,287746.63
26,8,7.76,19604.87,63678,79,3.34,Cairo,Retail,Standard,-1441.23,-30.15,215603.35
50,26,24.99,40432.3,116149,91,3.09,Cairo,Manufacturing,Premium,176.98,12.01,300469.67
27,6,5.36,7331.5,5899,26,2.53,Cairo,Retail,Premium,1162.86,13.82,164689.45
35,14,13.47,29062.29,64266,52,3.35,Delta,Ecommerce,Standard,842.12,6.25,206693.2
44,26,27.78,23081.42,75212,109,3.14,Cairo,Ecommerce,Basic,-126.69,-37.57,278080.06
49,25,26.8,31594.5,72109,127,3.93,Cairo,Ecommerce,Basic,-1840.41,15.4,296436.01
55,36,36.89,34617.29,62252,15,2.66,Alexandria,Retail,Standard,715.7,29.91,240890.73
21,0,-0.51,10692.29,33237,13,3.18,Delta,Services,Basic,146.39,-15.48,151624.81
28,4,4.3,5352.97,2162,105,2.61,Cairo,Ecommerce,Standard,424.35,1.46,213602.45
31,6,5.12,12064.08,50919,68,4.1,Delta,Services,Premium,1936.1,-38.37,206642.13
32,8,6.75,35065.48,90859,128,3.92,Delta,Retail,Standard,-824.81,43.07,249496.82
60,38,37.92,11987.55,22310,12,3.34,Cairo,Ecommerce,Standard,-2874.82,-39.05,229677.23
51,27,26.98,10695.67,18882,54,2.87,Upper_Egypt,Retail,Standard,-1053.45,-29.16,215685.53
33,8,6.73,4592.2,1000,7,4.89,Upper_Egypt,Ecommerce,Premium,486.05,-20.15,178550.63
59,38,39.35,67011.04,145440,107,3.96,Cairo,Services,Basic,26.93,32.58,324096.09
40,21,22.58,33436.8,93210,129,4.2,Cairo,Retail,Standard,-1215.64,20.07,309932.09
40,14,12.36,32065.92,97283,25,3.83,Cairo,Ecommerce,Basic,-1419.72,-49.3,200055.97
37,18,18.57,37194.68,87333,50,4.52,Cairo,Retail,Standard,-354.61,-31.64,216880.24
25,2,1.77,27740.77,76110,128,4.74,Alexandria,Manufacturing,Basic,-1246.09,25.02,243033.62
58,38,39.58,14986.13,37373,8,3.46,Upper_Egypt,Manufacturing,Standard,520.63,-9.62,219775.14
20,1,1.01,15919.56,42894,143,4.23,Upper_Egypt,Services,Standard,-411.43,-47.38,244194.23
27,3,1.2,13061.89,52809,134,3.07,Cairo,Services,Basic,-627.12,46.39,235537.52
29,10,8.66,129856.15,362182,24,4.13,Alexandria,Retail,Standard,-758.28,-34.88,246299.35
31,7,7.25,27311.44,97886,22,3.5,Cairo,Manufacturing,Basic,263.12,1.05,159519.13
25,1,2.37,12711.68,47127,105,2.52,Alexandria,Ecommerce,Basic,42.61,-25.17,188712.52
20,2,-0.82,25520.81,58147,3,4.89,Cairo,Retail,Basic,201.96,23.75,151531.99
47,28,29.29,8433.57,18399,77,4.67,Upper_Egypt,Services,Basic,180.13,27.67,243293.34
59,34,36.57,55631.62,149890,11,3.23,Upper_Egypt,Retail,Premium,-72.2,-10.28,245401.9
24,2,1.86,10963.48,27822,81,4.99,Cairo,Services,Premium,-1033.13,15.84,225470.93
32,13,14.11,26211.17,66887,54,3.29,Delta,Services,Standard,-730.38,40.91,214788.02
40,14,13.51,40039.04,118901,107,3.65,Alexandria,Retail,Standard,-394.67,31.48,238980.62
58,38,38.98,24021.47,47310,133,4.63,Delta,Ecommerce,Standard,2065.2,-8.51,382691.51
48,30,28.79,19321.61,50252,74,3.26,Alexandria,Retail,Premium,-1348.84,-5.85,277565.66
51,25,22.7,18146.42,48022,97,3.63,Cairo,Services,Standard,-418.98,38.69,249060.21
43,25,26.98,17253.95,49227,91,4.16,Delta,Ecommerce,Basic,98.27,-46.56,258213.65
37,15,14.17,11679.65,37529,148,2.83,Cairo,Manufacturing,Standard,-303.33,-47.72,284890.12
28,2,1.47,12848.91,20160,36,3.56,Alexandria,Services,Premium,1073.97,-29.42,164203.43
55,32,31.16,54601.67,153906,37,3.27,Cairo,Manufacturing,Basic,-308.5,32.76,229124.7
52,29,28.04,16592.81,43909,58,4.19,Delta,Services,Standard,-234.54,-34.68,225021.83
21,0,-0.23,9984.41,29168,111,2.84,Delta,Manufacturing,Basic,814.63,-21.47,190316.93
49,30,29.95,12220.91,35746,130,3.08,Cairo,Retail,Basic,1810.71,12.91,246004.9
23,0,0.49,41085.27,133711,43,4.28,Cairo,Ecommerce,Standard,1407.5,-31.58,175823.16
50,24,25.31,29876.63,82939,18,2.89,Delta,Retail,Basic,-136.65,-19.69,188425.66
53,35,36.47,27402.07,84401,92,3.56,Cairo,Manufacturing,Premium,-49.51,-3.31,312100.24
25,0,0.31,14838.58,27070,91,4.28,Alexandria,Manufacturing,Standard,46.72,-27.19,189394.08
37,16,18.53,27671.24,62421,57,4.41,Delta,Services,Basic,147.0,49.24,198855.8
25,3,1.7,11108.39,22924,29,2.74,Cairo,Services,Standard,-847.35,-33.66,123434.48
43,24,24.65,14815.31,43838,128,4.63,Delta,Ecommerce,Standard,936.59,34.99,303524.22
58,35,37.52,37252.73,107471,128,4.31,Alexandria,Retail,Standard,206.61,-2.99,309648.08
23,4,5.76,34677.12,87588,113,3.35,Delta,Ecommerce,Standard,-44.86,-37.09,222435.31
36,16,14.63,8618.74,18142,88,4.41,Cairo,Ecommerce,Premium,-1271.15,-38.15,273809.13
59,35,35.64,9475.66,13814,40,4.32,Cairo,Services,Basic,62.29,0.03,237953.69
32,14,16.19,19528.96,48277,62,4.0,Cairo,Retail,Basic,-1893.21,-14.65,190976.51
25,3,3.75,65691.6,155359,12,3.9,Upper_Egypt,Manufacturing,Basic,-581.65,-26.54,121320.3
40,17,17.76,4278.91,2251,39,4.34,Upper_Egypt,Retail,Basic,-563.1,45.89,173289.11
40,21,21.35,22178.46,49438,69,5.0,Delta,Ecommerce,Standard,287.0,-3.66,254434.09
47,27,27.31,6413.08,6574,67,3.95,Cairo,Retail,Basic,1879.85,42.88,220381.73
32,11,11.7,11185.56,35414,13,4.52,Alexandria,Retail,Standard,571.91,-33.6,147212.59
59,36,36.75,13695.27,45609,144,4.36,Delta,Retail,Standard,1448.4,-31.65,318051.98
41,15,15.39,13131.19,33117,41,4.64,Delta,Services,Premium,645.21,9.6,223809.74
31,6,6.28,12061.58,35469,77,4.89,Cairo,Ecommerce,Standard,1125.05,-23.01,228841.98
59,38,38.26,18097.56,55321,71,2.98,Upper_Egypt,Services,Premium,1857.13,-31.51,300742.19
57,38,39.83,12048.38,24914,71,2.91,Cairo,Ecommerce,Premium,-731.84,-40.53,307964.68
40,22,26.45,6010.62,11575,127,3.97,Cairo,Ecommerce,Basic,-797.1,-42.37,273869.76
21,0,-2.31,32306.68,110133,113,3.62,Upper_Egypt,Retail,Standard,668.81,25.32,216083.46
44,25,26.17,31659.11,90765,131,3.93,Alexandria,Retail,Basic,-3.68,-21.78,281857.93
42,22,21.67,33877.55,97546,58,4.5,Cairo,Ecommerce,Standard,220.35,47.84,264844.4
26,1,1.78,5667.91,24947,41,4.83,Alexandria,Ecommerce,Standard,-248.67,-31.69,199482.99
45,20,20.66,22523.53,43893,65,3.54,Upper_Egypt,Services,Basic,-596.26,-14.56,185488.93
54,29,30.86,29884.98,80038,85,4.29,Cairo,Retail,Basic,1620.76,-12.51,268857.78
24,4,5.65,8305.93,21863,52,2.99,Delta,Ecommerce,Basic,-1099.86,0.02,175889.29
49,26,27.03,18124.27,53414,70,3.84,Cairo,Retail,Standard,686.39,37.06,254785.91
25,2,3.53,16496.89,42843,24,2.55,Cairo,Ecommerce,Standard,524.23,33.48,148145.66
50,31,28.88,71663.73,177833,88,3.76,Alexandria,Retail,Basic,-1579.01,-49.0,258118.0
37,15,17.52,76229.14,220000,108,3.86,Alexandria,Ecommerce,Basic,-830.78,-9.07,243912.15
20,0,0.49,5166.03,17314,80,4.34,Cairo,Services,Basic,-662.69,32.79,219643.58
59,38,40.54,116841.35,320386,132,4.12,Cairo,Ecommerce,Standard,564.58,-49.98,415128.67
26,2,0.47,9060.76,29260,150,3.4,Delta,Retail,Basic,-367.04,3.36,200084.27
44,20,19.52,37557.64,79473,136,2.51,Alexandria,Services,Basic,-85.59,-24.05,270113.1
27,5,5.34,37272.11,102880,15,2.79,Delta,Retail,Premium,-1457.65,-8.72,143918.68
58,34,35.0,8530.13,45256,133,4.93,Delta,Ecommerce,Standard,2325.91,-7.97,318012.52
50,26,27.15,26057.94,57487,51,4.81,Cairo,Retail,Standard,71.2,-10.82,233869.51
52,29,31.28,16605.29,43387,69,3.31,Alexandria,Retail,Standard,499.0,39.2,215062.07
37,17,15.22,27279.06,85822,63,3.15,Alexandria,Ecommerce,Standard,-540.63,3.65,189692.85
39,15,16.72,21399.68,61006,44,3.59,Alexandria,Retail,Standard,-652.63,40.37,165566.42
46,22,22.67,44151.48,101135,132,4.22,Cairo,Retail,Basic,1912.68,22.67,310786.75
52,26,26.52,19047.22,48413,97,3.39,Cairo,Ecommerce,Basic,-1916.72,-14.89,248858.56
54,35,34.14,15870.57,51851,146,2.67,Cairo,Ecommerce,Premium,278.65,-0.64,352439.47
20,0,0.65,40952.79,101418,144,3.51,Cairo,Manufacturing,Premium,-1211.5,-11.01,290493.71
47,21,18.49,27817.59,82688,64,3.15,Upper_Egypt,Services,Standard,-405.0,32.86,216674.44
24,2,2.9,31163.01,76619,110,3.31,Alexandria,Services,Basic,-638.09,-31.24,200622.17
31,5,3.21,10934.6,36389,76,2.91,Alexandria,Ecommerce,Basic,-985.98,43.64,183027.21
54,36,37.15,8218.8,23167,75,4.15,Alexandria,Retail,Basic,35.44,8.04,246875.01
30,12,12.21,11758.54,63481,112,3.82,Delta,Ecommerce,Premium,-2568.03,11.18,281606.14
52,27,29.33,11299.47,38815,104,3.18,Alexandria,Retail,Standard,-315.49,1.68,290029.77
38,17,17.28,32460.41,88881,137,3.88,Alexandria,Manufacturing,Standard,-90.29,5.45,312157.22
29,7,6.31,37425.78,93090,117,3.73,Delta,Ecommerce,Premium,-1359.28,16.77,225873.31
33,12,11.7,16022.98,47279,94,4.49,Cairo,Services,Basic,1513.22,15.5,223684.78
41,20,22.25,52644.46,154575,138,4.89,Alexandria,Services,Standard,-594.46,-28.59,317531.9
51,25,26.45,50235.59,159749,17,2.83,Alexandria,Retail,Basic,-237.48,8.24,208676.05
44,26,26.28,21604.92,69021,115,4.71,Delta,Services,Basic,-592.22,-14.54,244417.8
58,34,34.71,9717.74,36036,60,4.26,Upper_Egypt,Ecommerce,Premium,-81.57,13.7,240198.11
55,29,27.83,58668.58,153564,66,4.23,Delta,Services,Premium,1308.14,4.78,317881.33
50,27,28.32,17194.83,56508,118,3.44,Alexandria,Services,Basic,2473.02,-32.03,257398.64
44,23,21.4,19786.42,45950,42,3.36,Cairo,Retail,Basic,745.64,23.47,177547.79
31,12,13.34,13952.63,25672,133,2.51,Alexandria,Ecommerce,Standard,1087.99,-4.3,227429.3
36,12,12.53,9235.26,27009,76,4.96,Delta,Services,Basic,1716.43,5.14,213195.51
24,2,5.16,5982.82,21899,54,4.02,Upper_Egypt,Retail,Standard,248.87,17.26,135775.33
35,16,15.05,28934.16,97926,50,3.51,Delta,Manufacturing,Standard,1570.25,15.29,214899.07
57,36,36.95,10002.36,29695,64,3.86,Cairo,Services,Basic,792.4,24.89,240874.51
37,11,13.67,178577.05,448197,142,2.6,Delta,Services,Basic,143.99,-29.32,305591.32
24,4,5.67,7971.05,12181,17,2.93,Upper_Egypt,Manufacturing,Basic,350.34,-38.96,139361.02
46,27,26.9,7009.98,18896,77,4.06,Delta,Services,Premium,-1821.42,16.92,267561.01
59,35,36.34,26389.75,48569,126,3.79,Delta,Manufacturing,Basic,292.12,-26.4,293057.29
55,36,37.08,56676.34,131509,72,4.47,Alexandria,Ecommerce,Standard,-1543.75,-38.54,304901.74
31,5,5.52,18893.43,57797,86,4.15,Delta,Ecommerce,Basic,-1625.27,-36.88,228880.68
38,13,12.48,27648.0,45682,53,4.0,Cairo,Retail,Standard,192.88,-18.72,221045.97
41,15,15.33,4516.38,20572,22,4.54,Cairo,Retail,Basic,-1114.08,49.18,194882.29
30,4,2.04,10829.11,39726,97,2.67,Delta,Services,Basic,-7.11,-34.27,166223.51
31,11,11.51,8045.88,15079,139,4.23,Upper_Egypt,Retail,Standard,138.43,-20.15,238097.96
29,10,10.89,4345.27,19789,79,4.29,Upper_Egypt,Retail,Standard,183.05,42.07,198012.7
60,38,38.84,19650.58,38083,66,3.19,Cairo,Ecommerce,Basic,-904.12,46.33,261568.22
50,28,26.74,3347.62,1000,21,2.99,Cairo,Ecommerce,Basic,898.68,-27.12,199457.21
54,29,31.16,6677.37,13157,142,3.03,Cairo,Retail,Premium,-89.24,38.05,296325.19
53,29,30.34,12030.88,25750,131,3.0,Delta,Ecommerce,Basic,441.08,-36.11,283155.65
59,36,36.14,9649.51,20317,136,3.81,Delta,Manufacturing,Basic,-1196.44,26.15,275099.15
24,0,-0.36,24232.1,80855,55,2.84,Upper_Egypt,Ecommerce,Basic,-178.33,-48.7,159240.24
56,33,32.04,22636.35,54635,95,4.15,Cairo,Ecommerce,Basic,1097.29,-9.34,299160.41
22,1,-0.3,35188.55,109437,66,2.76,Alexandria,Ecommerce,Standard,970.18,-25.27,187229.74
39,18,17.84,31647.51,76363,36,2.57,Delta,Retail,Standard,-797.29,20.4,193452.39
44,22,24.26,42350.55,117936,32,3.3,Cairo,Services,Standard,-545.56,-48.39,221574.1
34,16,15.65,17974.12,57970,59,2.98,Upper_Egypt,Manufacturing,Standard,-988.69,-3.51,182658.95
25,1,1.86,22600.5,64658,84,4.97,Alexandria,Ecommerce,Basic,-656.41,19.67,217638.73
27,4,3.42,26416.98,54311,20,3.26,Cairo,Ecommerce,Standard,-1399.07,-45.33,181180.89
53,29,30.19,20017.65,34367,106,3.06,Cairo,Manufacturing,Basic,-138.18,39.74,261009.51
33,11,11.15,13362.82,43288,70,2.99,Upper_Egypt,Retail,Basic,633.14,-13.88,155292.95
32,7,8.34,14027.78,59288,133,3.43,Delta,Services,Standard,-785.05,-33.47,230644.69
57,31,31.23,9749.37,38895,43,4.01,Delta,Ecommerce,Basic,-90.61,-27.45,219288.85
25,2,0.02,24694.59,58234,9,4.45,Delta,Retail,Basic,-220.5,-16.11,158384.0
57,36,35.28,16774.51,44187,48,3.41,Alexandria,Services,Basic,1055.12,-30.16,243853.93
57,38,38.45,10946.19,49290,147,4.06,Delta,Ecommerce,Standard,-611.59,1.06,335800.36
44,19,17.95,10953.82,32716,49,3.71,Upper_Egypt,Ecommerce,Basic,-575.22,13.29,175311.68
26,0,0.53,7261.4,29739,106,4.62,Cairo,Retail,Standard,-846.02,-6.66,225424.48
26,2,1.45,37506.07,101088,127,3.92,Delta,Ecommerce,Standard,-1137.51,-7.3,235125.54
31,6,9.27,19093.25,56595,44,3.22,Cairo,Retail,Standard,529.18,28.17,162424.35
43,18,16.28,9424.11,33080,97,4.26,Cairo,Manufacturing,Basic,-135.11,-19.9,258729.76
26,1,1.29,33009.08,90560,32,4.55,Cairo,Retail,Standard,54.81,12.28,184475.02
38,16,15.01,11822.86,26596,55,3.66,Upper_Egypt,Manufacturing,Basic,1274.64,39.29,137339.0
24,6,5.54,6268.24,9204,46,4.97,Cairo,Services,Premium,1332.08,-27.85,205111.11
42,24,24.9,38717.38,103875,102,4.7,Alexandria,Services,Standard,-1646.23,11.99,291098.38
20,1,-1.99,12031.75,52194,132,2.99,Delta,Services,Basic,647.83,44.8,193529.47
49,28,29.15,13246.02,49255,39,4.47,Cairo,Retail,Standard,225.65,2.98,239388.01
22,0,2.47,18564.6,73204,45,4.0,Delta,Services,Standard,-461.59,47.69,130254.29
27,5,4.56,42407.01,79947,124,3.84,Upper_Egypt,Manufacturing,Standard,327.68,-19.0,186298.84
27,9,9.61,18272.55,54387,70,3.78,Cairo,Ecommerce,Basic,-1726.38,6.43,191717.18
54,35,37.38,7323.1,37047,78,4.63,Cairo,Retail,Standard,1462.64,-18.9,285319.62
22,0,-0.21,27066.03,80492,107,4.03,Upper_Egypt,Ecommerce,Standard,514.94,-49.63,155331.95
37,11,10.57,12511.27,26403,22,3.84,Cairo,Manufacturing,Premium,-865.2,49.73,182350.83
44,23,20.73,74166.66,204412,131,2.62,Cairo,Ecommerce,Basic,-585.41,-25.99,278295.9
41,16,17.31,17984.89,49432,56,3.62,Upper_Egypt,Services,Standard,-1703.15,47.31,191931.65
47,23,23.54,3367.25,7964,100,4.77,Upper_Egypt,Retail,Standard,-313.96,15.3,277811.93
52,26,25.46,23532.81,56614,66,4.28,Delta,Manufacturing,Standard,-482.73,40.39,246365.06
36,11,11.49,77387.1,203182,114,2.63,Alexandria,Services,Standard,-1325.11,46.72,265244.34
53,30,30.14,58692.5,189210,93,4.71,Upper_Egypt,Services,Basic,776.7,6.78,303594.1
33,12,11.67,71064.47,229415,27,4.57,Delta,Ecommerce,Standard,1276.8,49.97,232657.27
60,37,38.9,8377.52,1233,29,3.87,Delta,Retail,Basic,-27.36,26.73,210090.98
40,20,18.86,35676.28,89700,132,2.56,Delta,Manufacturing,Basic,-305.65,2.38,275965.9
50,29,31.23,10473.79,32859,79,3.91,Delta,Retail,Standard,434.98,15.49,254285.7
55,32,31.14,21297.48,47699,43,2.64,Alexandria,Ecommerce,Basic,-19.64,-30.57,232274.88
52,29,29.01,6928.6,9733,23,3.3,Cairo,Manufacturing,Basic,-1082.18,-48.9,202578.58
54,31,34.43,11100.94,22954,21,4.07,Alexandria,Manufacturing,Basic,-652.68,-24.32,206271.96
41,20,22.07,10839.39,32317,139,4.78,Alexandria,Manufacturing,Standard,-296.44,-6.5,307211.99
21,0,0.13,35314.31,110536,147,3.39,Cairo,Manufacturing,Premium,248.19,-27.19,266061.4
40,22,21.44,32815.83,120430,60,4.65,Alexandria,Retail,Standard,9.34,1.4,267622.07
27,4,3.43,22153.3,49312,32,4.8,Delta,Manufacturing,Basic,210.37,15.79,144676.19
56,33,34.09,6537.51,22428,64,2.55,Cairo,Manufacturing,Standard,-1524.83,15.58,274563.19
29,3,3.14,14248.37,39185,22,3.1,Cairo,Services,Basic,665.22,39.38,148248.37
29,7,7.09,10286.01,35310,83,4.27,Cairo,Services,Premium,3.42,46.63,215570.48
30,8,8.2,34557.64,88024,95,4.39,Cairo,Retail,Standard,2552.71,39.07,248260.34
46,28,28.56,43554.39,125966,148,3.48,Delta,Ecommerce,Basic,-387.63,12.02,302240.1
43,24,22.85,39752.03,123214,49,4.14,Alexandria,Ecommerce,Standard,323.46,-29.42,255835.42
58,37,37.44,10216.02,34844,31,4.03,Cairo,Services,Basic,2829.22,44.35,230927.23
37,16,17.67,2306.48,1000,21,4.35,Delta,Services,Standard,194.09,-32.51,173928.22
31,10,8.52,4783.39,23188,58,4.3,Cairo,Services,Basic,-67.63,-34.86,208152.28
22,1,0.78,52278.86,153766,91,2.71,Cairo,Retail,Premium,-986.92,-18.24,238198.33
20,0,-1.07,13322.18,34414,11,2.9,Delta,Manufacturing,Standard,1528.27,7.36,102938.82
35,16,16.62,10250.52,40086,115,2.83,Alexandria,Retail,Premium,-1159.1,18.15,229066.87
57,37,37.6,61705.12,165329,70,4.83,Delta,Retail,Premium,427.12,-48.67,325350.9
41,22,24.58,46490.21,183731,120,4.78,Delta,Retail,Basic,-473.56,27.8,290686.84
56,36,37.74,18333.1,52541,71,4.49,Upper_Egypt,Manufacturing,Standard,-189.34,-32.5,258396.08
24,0,-1.71,14444.58,16894,25,2.79,Cairo,Manufacturing,Premium,-1423.93,-20.35,188949.76
23,5,6.02,16302.13,51314,5,3.94,Delta,Retail,Basic,1343.13,-17.79,139676.79
54,33,32.98,21343.43,37192,84,2.97,Delta,Retail,Basic,-277.8,-16.76,230886.74
24,6,5.43,59764.22,151472,82,3.42,Cairo,Services,Basic,-1215.09,26.04,211427.66
22,0,0.41,24710.35,98307,123,3.17,Upper_Egypt,Retail,Basic,1252.69,-45.91,184122.25
36,12,11.72,31028.11,87556,132,4.57,Cairo,Ecommerce,Premium,-504.14,-30.35,301108.58
57,37,39.27,43264.15,90268,26,2.86,Upper_Egypt,Retail,Standard,334.61,-47.77,250270.74
48,29,28.86,7486.6,13528,48,4.12,Delta,Services,Standard,841.42,27.83,246717.26
24,6,5.38,31706.39,104710,32,4.96,Alexandria,Services,Premium,474.03,48.37,209780.54
54,32,32.11,14431.96,50780,17,4.22,Cairo,Services,Basic,-2196.64,15.95,234680.98
54,30,30.16,2727.27,1000,2,2.7,Upper_Egypt,Services,Standard,695.36,9.01,185665.61
52,29,31.3,3648.24,8927,14,4.77,Alexandria,Retail,Basic,-100.61,40.81,197900.05
57,32,33.78,8387.84,29685,80,4.11,Cairo,Retail,Basic,-329.03,-24.5,263338.2
29,8,10.46,26810.38,56417,24,3.64,Cairo,Retail,Basic,-109.07,-43.35,171944.6
60,38,42.09,19603.76,61536,31,4.15,Delta,Retail,Basic,-1610.03,1.0,239838.09
33,11,9.99,20669.24,59128,19,4.7,Cairo,Manufacturing,Basic,192.17,-23.97,169539.86
52,33,34.08,77756.28,221014,109,3.69,Alexandria,Retail,Standard,-1364.39,-4.89,314147.69
43,17,15.98,6948.7,10507,96,3.83,Delta,Services,Basic,-285.84,-4.37,212574.16
51,32,31.95,17633.43,40791,145,3.63,Cairo,Retail,Basic,156.26,-18.12,289961.27
45,23,22.87,22616.92,84523,18,2.68,Alexandria,Ecommerce,Standard,1074.04,-1.37,175976.55
46,24,23.35,10362.22,19859,33,4.47,Cairo,Manufacturing,Basic,-819.61,-11.98,227768.7
45,27,26.44,18386.5,51109,69,2.82,Upper_Egypt,Ecommerce,Standard,1451.59,-38.69,239458.39
51,29,29.68,5421.7,35163,98,3.49,Upper_Egypt,Ecommerce,Premium,946.85,36.67,251284.95
50,28,27.26,51821.31,113784,21,3.47,Cairo,Ecommerce,Standard,-429.41,20.13,246062.71
25,5,6.24,10795.84,43425,33,3.2,Alexandria,Services,Standard,-1108.75,-45.87,153182.93
53,34,33.83,82592.75,220333,64,3.51,Alexandria,Manufacturing,Standard,-1443.82,-38.42,308846.56
41,23,27.34,17566.89,68346,4,4.05,Upper_Egypt,Ecommerce,Standard,271.75,-40.35,171981.23
33,15,14.86,38916.25,127035,60,3.28,Cairo,Retail,Premium,-737.28,-43.83,215237.88
41,19,19.66,17294.61,53441,115,2.93,Alexandria,Services,Premium,1199.36,-44.09,276674.25
59,38,37.46,17589.71,47289,80,4.67,Upper_Egypt,Retail,Basic,-679.52,-34.29,234722.76
55,29,32.09,11615.61,22088,66,4.93,Cairo,Retail,Standard,-900.67,34.79,256725.6
54,34,36.48,19682.2,46523,74,3.65,Alexandria,Manufacturing,Standard,233.63,32.82,265281.55
38,15,15.84,22848.16,66578,143,3.32,Cairo,Retail,Basic,-686.05,28.31,257353.19
52,28,27.09,9995.93,28292,79,2.62,Delta,Ecommerce,Standard,8.55,11.47,247463.98
35,13,13.66,16388.64,43014,81,2.59,Cairo,Manufacturing,Standard,985.99,22.35,246496.35
48,23,22.23,11390.7,19875,140,3.48,Upper_Egypt,Services,Standard,117.23,23.85,238512.68
46,28,30.74,100999.93,254851,25,4.83,Cairo,Services,Basic,120.96,38.93,297866.71
30,10,11.35,16828.5,64783,16,4.33,Cairo,Ecommerce,Basic,205.15,23.23,133995.44
30,10,10.42,57357.06,149783,69,3.37,Delta,Ecommerce,Basic,-1693.1,23.65,244323.39
22,3,-0.08,15543.69,27573,49,4.92,Delta,Retail,Standard,391.84,30.41,136118.65
25,5,3.87,21863.91,80854,32,3.57,Delta,Retail,Premium,159.93,5.64,217030.6
37,17,18.4,6681.54,33248,19,3.19,Delta,Ecommerce,Premium,892.9,-28.7,186572.7
39,15,17.03,12872.17,47946,132,3.57,Cairo,Manufacturing,Basic,605.81,-41.55,280549.16
26,6,7.62,21078.9,47342,93,3.03,Delta,Retail,Basic,-201.95,-8.1,201975.21
37,12,10.29,59138.06,149423,104,4.71,Cairo,Services,Standard,1032.39,-40.83,273828.33
44,20,20.99,21260.67,42684,19,3.4,Cairo,Manufacturing,Standard,-292.63,-33.07,195744.65
29,3,4.41,50813.5,172255,52,4.14,Upper_Egypt,Retail,Standard,247.16,-47.62,170847.33
33,15,13.29,29105.25,104848,94,3.47,Delta,Retail,Basic,-311.15,-19.98,233121.87
35,9,9.26,61002.98,168031,80,4.75,Cairo,Ecommerce,Basic,461.76,47.0,249036.13
40,17,17.87,17220.32,33780,105,4.11,Cairo,Retail,Standard,-376.49,-12.11,238375.96
35,9,8.88,108098.06,245619,101,3.72,Upper_Egypt,Retail,Standard,1647.55,-25.91,273986.73
50,29,27.46,12507.45,42236,63,2.83,Cairo,Ecommerce,Basic,2017.36,-9.66,223431.19
33,7,6.79,10130.24,30570,118,4.75,Cairo,Ecommerce,Premium,873.94,-19.87,266373.68
37,14,13.99,7263.28,24706,40,3.87,Cairo,Services,Standard,1541.3,17.39,198538.18
35,17,17.32,103403.65,231615,13,3.21,Cairo,Services,Premium,-1539.21,13.45,243246.43
27,6,5.45,33280.03,48453,138,4.69,Cairo,Services,Standard,-1421.38,-47.27,262110.93
48,29,29.29,14010.14,51271,5,2.64,Upper_Egypt,Ecommerce,Standard,-321.56,1.13,215615.09
29,3,3.04,45930.93,107886,44,3.29,Cairo,Ecommerce,Premium,41.23,-46.38,211421.75
32,12,12.94,30148.67,67727,19,3.84,Alexandria,Ecommerce,Premium,-198.21,17.74,200941.39
52,32,32.56,78646.83,213993,36,3.35,Delta,Ecommerce,Premium,-1642.14,43.58,290087.38
58,36,36.55,5637.82,19455,60,3.69,Alexandria,Manufacturing,Standard,1151.59,40.75,266001.58
47,26,26.9,14751.6,49366,21,3.16,Delta,Manufacturing,Standard,2154.2,-29.43,181642.8
57,38,36.64,12723.88,44766,71,2.83,Delta,Retail,Basic,1280.99,24.26,247764.68
55,30,31.52,4096.4,1000,140,2.59,Delta,Manufacturing,Basic,1085.52,29.31,273255.59
39,14,14.42,39869.72,120343,22,2.89,Delta,Manufacturing,Premium,226.12,36.44,169089.75
51,27,27.86,14695.99,34599,140,4.88,Delta,Services,Basic,-843.0,-24.04,324392.78
33,10,11.55,31346.27,85921,63,3.94,Delta,Retail,Standard,72.53,-4.92,227437.76
38,17,14.97,105657.29,294311,90,3.72,Delta,Ecommerce,Premium,2105.59,-27.85,303486.27
41,19,17.0,13810.64,51614,67,3.46,Cairo,Services,Premium,-351.99,-47.57,224835.75
59,37,38.47,13124.85,32631,49,4.27,Delta,Ecommerce,Premium,-454.96,15.9,284749.27
54,35,36.04,19675.41,61479,18,2.85,Delta,Services,Standard,1107.3,-6.85,191660.83
40,22,22.88,37743.27,113930,90,3.19,Cairo,Retail,Standard,1173.69,-25.19,284707.31
46,26,26.18,11767.45,21023,138,4.14,Upper_Egypt,Retail,Premium,-847.9,34.71,282760.09
28,6,7.04,11213.86,41148,79,3.7,Cairo,Manufacturing,Basic,-261.48,-0.43,226064.38
52,33,35.2,39776.0,123627,91,4.43,Cairo,Retail,Basic,-501.91,49.47,277435.38
42,24,25.35,23911.3,76360,97,4.74,Upper_Egypt,Ecommerce,Premium,69.69,29.34,286566.73
41,16,16.14,3883.84,1000,59,4.56,Cairo,Retail,Standard,1103.69,36.92,236651.03
51,30,28.16,7180.2,32895,19,2.96,Cairo,Services,Standard,-804.03,27.33,205821.27
45,22,23.66,55495.32,148380,77,2.73,Cairo,Services,Basic,1089.66,-39.41,255483.65
22,0,1.59,24332.62,91772,131,2.92,Upper_Egypt,Retail,Standard,101.65,-43.5,222171.83
31,7,8.05,10162.71,22796,48,4.46,Alexandria,Ecommerce,Premium,2326.19,41.51,199915.49
27,3,1.95,15840.41,46103,131,4.78,Delta,Ecommerce,Standard,318.83,-36.18,224192.44
50,30,31.78,18179.59,45483,129,4.81,Delta,Retail,Basic,-96.92,-10.88,261117.31
21,0,1.12,31254.76,81887,38,3.25,Delta,Services,Standard,574.71,10.99,166329.34
28,7,9.24,6499.17,22973,87,4.6,Upper_Egypt,Ecommerce,Premium,-337.15,-28.81,231890.39
44,19,18.43,9579.83,33688,113,3.84,Delta,Ecommerce,Premium,-1795.27,-27.47,294261.66
48,27,27.52,22089.19,89511,75,4.56,Cairo,Services,Basic,-240.52,-3.38,257288.63
40,22,23.63,16701.45,36814,106,3.87,Upper_Egypt,Ecommerce,Standard,-256.29,-13.91,231859.99
55,31,32.0,27640.06,84598,137,2.86,Alexandria,Retail,Basic,-1592.32,17.66,243346.99
57,38,37.69,7158.08,6054,95,2.7,Cairo,Retail,Standard,-73.04,-42.49,326940.8
25,1,1.57,23528.64,85308,126,4.89,Cairo,Ecommerce,Basic,-2067.11,-1.12,256666.54
59,38,39.89,40815.4,118378,121,3.56,Delta,Ecommerce,Standard,-347.69,-32.57,333043.78
45,26,26.89,25932.21,68712,123,3.38,Cairo,Ecommerce,Standard,243.6,10.67,307003.88
46,23,23.98,19979.48,49481,129,3.39,Alexandria,Retail,Basic,97.0,-38.38,233910.82
23,0,-0.34,16751.02,45791,35,3.45,Cairo,Services,Basic,-411.07,-30.24,133011.51
45,24,26.64,9623.74,28951,4,4.86,Alexandria,Ecommerce,Basic,-85.53,30.39,228969.31
49,30,29.73,17053.8,54707,24,2.66,Cairo,Retail,Basic,-784.06,-26.48,211971.86
43,23,22.93,46300.43,125458,39,2.8,Delta,Services,Standard,10.82,23.71,205641.81
23,0,0.01,16462.75,26261,104,4.47,Cairo,Ecommerce,Basic,58.09,-22.69,194121.53
41,17,18.65,9235.17,28823,77,3.87,Cairo,Retail,Basic,-900.25,-26.5,204797.67
58,38,37.19,12443.35,29792,71,2.82,Alexandria,Services,Premium,267.7,-20.08,272094.9
49,28,27.14,20926.36,69745,3,2.59,Alexandria,Retail,Basic,261.45,38.09,211060.92
25,5,2.5,13602.26,29520,103,3.06,Delta,Manufacturing,Premium,-166.21,-10.28,216211.04
59,38,39.18,25902.75,55867,56,3.15,Alexandria,Retail,Standard,2421.05,-25.62,235779.72
59,34,33.57,26642.42,76264,115,2.54,Cairo,Retail,Standard,-140.7,3.66,291411.96
26,3,2.59,35061.69,99928,18,3.04,Upper_Egypt,Retail,Standard,-279.23,-11.44,140504.9
52,33,34.85,52354.68,169824,46,4.35,Alexandria,Retail,Basic,-422.39,29.02,237413.88
36,13,12.56,37987.83,97011,10,4.64,Cairo,Retail,Premium,-970.94,49.04,218792.68
44,23,23.99,8932.47,14059,44,4.75,Delta,Ecommerce,Standard,685.9,2.66,249856.79
38,20,20.21,9140.55,43800,139,3.47,Delta,Retail,Basic,-686.25,-4.83,252208.61
52,30,31.77,17005.61,24688,75,3.3,Delta,Retail,Standard,-567.95,-15.7,226600.28
60,38,39.76,12832.62,23844,67,5.0,Alexandria,Retail,Standard,-538.24,47.33,268164.25
52,32,32.06,7664.71,29027,42,4.42,Cairo,Services,Premium,-984.94,-1.67,236105.57
58,33,33.77,12924.22,8476,41,3.84,Alexandria,Retail,Standard,-1751.08,-32.2,229649.16
58,34,36.38,12609.96,51725,101,3.14,Cairo,Ecommerce,Basic,-462.94,46.92,289320.89
23,4,4.63,10875.21,41357,148,3.3,Cairo,Ecommerce,Premium,873.34,46.09,254730.01
30,5,3.33,14204.09,45507,113,3.79,Upper_Egypt,Ecommerce,Premium,196.98,-6.43,269572.29
49,26,27.63,43563.08,127651,111,3.86,Delta,Retail,Standard,1560.58,-15.18,298000.0
44,19,18.16,20901.07,63008,72,2.53,Cairo,Manufacturing,Basic,750.96,18.04,184971.4
22,0,1.84,114919.12,280875,16,4.9,Cairo,Ecommerce,Standard,523.96,32.89,204178.83
23,2,3.39,20455.52,60042,109,3.94,Delta,Retail,Standard,1882.65,-0.15,189388.05
41,19,19.95,14480.78,25944,122,3.97,Cairo,Services,Basic,-97.15,-16.92,289242.23
45,23,23.89,18055.88,50594,78,3.03,Cairo,Ecommerce,Premium,63.08,-19.86,284987.77
26,2,1.79,21818.12,60873,15,4.41,Cairo,Services,Standard,-11.46,-17.34,193808.35
27,7,8.09,24948.46,85121,108,4.34,Delta,Services,Premium,1543.79,-38.2,249749.45
25,5,4.67,85447.76,269058,139,2.74,Delta,Ecommerce,Standard,2.52,27.86,280489.24
43,23,24.0,9548.47,34411,35,3.99,Cairo,Retail,Basic,-648.28,-39.5,178265.04
20,0,1.13,34283.23,74339,25,4.15,Cairo,Manufacturing,Premium,587.68,-10.17,195998.79
43,24,23.99,21034.94,44040,112,4.59,Delta,Retail,Standard,-816.26,33.49,267281.36
39,21,20.83,5540.3,20461,51,3.02,Alexandria,Retail,Standard,533.47,-9.59,192864.92
39,13,11.84,32085.23,103475,108,4.69,Delta,Retail,Basic,413.84,-20.52,268528.42
47,29,28.49,46576.19,134866,106,3.65,Cairo,Services,Basic,-189.4,44.83,292034.88
41,16,14.1,9463.95,13659,41,2.74,Delta,Manufacturing,Standard,565.81,-37.35,203569.85
49,31,32.88,17879.8,44254,8,2.76,Upper_Egypt,Ecommerce,Basic,-1487.79,38.49,157362.61
51,27,30.16,4935.02,19265,84,2.99,Delta,Manufacturing,Premium,162.96,-43.79,303616.58
57,37,39.96,7002.5,26847,62,3.21,Cairo,Services,Premium,-462.77,-8.65,271674.9
52,30,28.79,39503.68,83551,129,3.74,Delta,Services,Standard,2862.26,13.17,318859.11
41,21,22.57,12686.77,47214,55,4.37,Cairo,Services,Basic,155.83,-13.0,238600.24
40,18,20.39,7836.32,8866,39,2.97,Cairo,Retail,Standard,-596.39,3.46,179672.36
29,7,6.62,21380.24,63862,130,4.98,Cairo,Manufacturing,Basic,-1378.3,-29.6,272183.46
44,22,22.79,12164.99,45040,111,2.9,Upper_Egypt,Services,Standard,1305.41,6.9,255209.04
25,4,1.51,12644.92,40400,94,4.0,Cairo,Services,Standard,-350.03,-36.54,202925.08
58,36,37.43,31339.09,111137,144,4.82,Upper_Egypt,Services,Premium,-791.35,29.61,337891.65
54,29,28.49,7531.33,37540,118,4.58,Alexandria,Ecommerce,Basic,336.3,8.38,289390.66
24,3,3.35,9128.01,15434,131,4.12,Alexandria,Retail,Basic,649.72,-1.81,209656.93
52,31,29.9,20205.03,43773,121,4.29,Cairo,Ecommerce,Premium,633.95,-44.53,359998.14
24,5,5.86,37241.7,98726,61,2.84,Delta,Ecommerce,Standard,19.75,-0.02,205956.88
49,28,30.17,45558.26,113417,11,2.52,Cairo,Manufacturing,Premium,159.19,6.36,238054.41
23,4,3.1,10930.7,1000,92,3.59,Alexandria,Retail,Premium,232.04,-23.43,218702.92
40,21,20.15,36357.64,85075,115,2.72,Cairo,Retail,Standard,336.4,17.76,230616.22
46,20,17.8,9996.8,26029,149,3.39,Cairo,Services,Standard,424.89,-42.32,274990.42
49,31,31.58,70812.02,200883,103,3.06,Alexandria,Manufacturing,Standard,1094.45,-29.13,319079.4
37,15,14.69,7690.94,25504,86,4.79,Cairo,Manufacturing,Premium,56.41,23.75,282196.0
57,32,30.94,48751.25,121161,87,4.7,Cairo,Ecommerce,Premium,-816.8,-35.28,340775.12
51,25,26.34,11001.23,33064,19,4.55,Upper_Egypt,Retail,Basic,-144.29,-25.45,206483.27
28,9,8.69,81475.85,275056,3,4.28,Cairo,Retail,Standard,753.78,15.09,226296.41
47,28,27.44,28046.46,66193,8,2.89,Cairo,Ecommerce,Basic,-1786.53,22.88,198576.39
49,28,28.12,8401.07,16449,136,2.62,Cairo,Retail,Standard,-1780.75,-44.85,277806.2
33,11,12.72,12166.58,15264,119,4.13,Cairo,Services,Standard,918.28,-37.34,258065.61
50,24,25.5,32338.47,68231,40,4.11,Delta,Manufacturing,Premium,1520.12,-5.39,237579.29
56,37,37.94,39640.65,91354,65,3.42,Cairo,Services,Basic,-1265.2,9.28,303113.21
53,34,35.82,17070.21,46892,74,3.68,Alexandria,Services,Basic,100.46,-4.62,235373.31
51,31,30.42,18613.1,40803,38,3.72,Delta,Retail,Basic,-399.55,14.71,217357.49
46,21,21.67,31789.52,83586,64,3.1,Cairo,Retail,Basic,-260.83,25.6,233993.87
31,13,13.58,19870.19,55943,53,3.29,Upper_Egypt,Ecommerce,Basic,305.53,44.95,175533.65
52,31,31.32,6822.62,20935,105,3.55,Upper_Egypt,Services,Premium,-1292.87,-15.01,267025.3
34,15,16.02,9782.95,22529,114,4.01,Cairo,Retail,Basic,-1107.22,-33.69,235687.39
41,22,21.65,21471.18,64448,16,4.89,Cairo,Retail,Basic,-301.25,-23.59,217505.54
32,6,6.84,44789.94,121650,71,3.85,Cairo,Retail,Standard,-145.38,-35.18,208977.11
32,14,15.14,60482.77,148813,149,4.33,Cairo,Ecommerce,Basic,-1125.96,-10.58,293003.05
26,6,2.39,32298.44,83787,131,4.52,Alexandria,Ecommerce,Basic,789.65,37.26,275769.05
59,33,35.54,22327.96,55988,120,2.78,Alexandria,Services,Premium,-417.56,-15.29,314017.24
26,3,-0.87,31562.89,80606,111,4.13,Alexandria,Services,Basic,-421.82,-35.12,237284.38
23,5,4.35,10916.86,32568,2,3.71,Cairo,Retail,Basic,282.66,2.26,142901.33
58,36,38.41,16045.82,54535,147,3.93,Cairo,Services,Standard,-128.91,49.19,375077.5
42,16,16.07,9701.43,31097,111,2.6,Upper_Egypt,Retail,Basic,837.48,-31.18,220832.94
37,16,14.57,7055.55,16642,134,4.77,Upper_Egypt,Manufacturing,Basic,-933.42,27.79,235885.08
50,28,27.42,23116.2,63406,137,4.88,Cairo,Retail,Basic,-1397.39,32.34,314098.59
35,13,14.72,20687.03,62983,39,2.51,Delta,Services,Basic,-309.79,-9.87,152048.81
25,2,-0.44,30147.77,57557,4,3.03,Alexandria,Retail,Premium,60.24,11.96,138361.16
49,30,32.37,27111.44,82795,100,2.95,Delta,Ecommerce,Basic,-1240.76,-6.76,241728.67
27,2,1.99,21592.69,49644,70,4.45,Alexandria,Retail,Basic,-1387.75,-23.77,172550.24
42,16,14.93,27325.88,55449,5,4.0,Upper_Egypt,Manufacturing,Basic,182.3,-7.39,169630.48
58,38,38.38,17432.9,57997,42,2.94,Cairo,Retail,Premium,-757.78,-40.47,263617.55
58,33,32.67,24533.52,72463,149,4.53,Cairo,Ecommerce,Basic,-1452.51,20.7,319353.86
34,9,10.4,10441.24,27992,56,3.38,Upper_Egypt,Ecommerce,Premium,965.34,32.92,168429.23
51,27,28.76,23751.63,49031,40,3.65,Cairo,Retail,Basic,-631.79,-19.26,256390.95
45,24,22.49,29715.98,92147,99,3.47,Cairo,Retail,Premium,1149.81,6.65,291192.66
39,17,16.99,10892.89,30968,101,3.8,Delta,Services,Basic,28.47,-26.79,209677.63
25,0,-1.12,18713.51,60104,51,3.7,Delta,Ecommerce,Basic,294.76,-37.25,168076.46
35,16,18.16,11275.92,36141,128,3.19,Delta,Manufacturing,Standard,-211.5,16.36,289332.66
46,21,19.87,12127.7,38767,88,3.56,Delta,Retail,Basic,-2655.16,-36.59,228713.11
60,34,37.11,7742.11,7041,25,4.77,Delta,Services,Standard,-1136.79,28.2,181941.77
20,0,-0.04,46511.66,119106,50,3.76,Cairo,Retail,Standard,-125.71,-22.82,235208.03
49,28,27.33,40030.26,79384,128,4.79,Delta,Retail,Standard,364.73,31.85,273138.02
54,31,31.05,26935.55,78647,15,3.88,Delta,Ecommerce,Basic,-1789.67,-13.15,214985.54
58,38,38.1,79005.6,194284,3,4.42,Upper_Egypt,Services,Standard,-53.6,-13.12,242106.17
37,11,9.67,15618.21,32351,99,3.23,Cairo,Retail,Basic,-1122.26,25.06,197573.78
24,3,3.21,174896.36,544599,67,4.48,Cairo,Manufacturing,Premium,234.62,1.03,339128.91
31,13,11.79,15176.14,46568,39,3.16,Delta,Ecommerce,Standard,-19.4,-29.9,149427.99
54,29,27.04,21796.88,43113,72,2.55,Cairo,Ecommerce,Standard,743.5,35.04,257723.61
55,32,32.47,13356.97,32793,29,2.9,Cairo,Retail,Premium,1066.82,-15.98,256773.92
46,23,21.35,23798.34,83944,57,2.55,Delta,Manufacturing,Standard,458.99,-39.72,203453.21
25,7,6.23,33686.02,97558,36,4.87,Alexandria,Services,Standard,860.39,-8.4,172859.05
24,0,-1.18,16525.99,41449,89,5.0,Cairo,Services,Basic,-350.34,7.4,201113.02
39,16,15.35,68231.86,197324,102,4.41,Cairo,Retail,Standard,2823.12,10.99,282564.54
44,19,22.17,21536.17,52009,138,2.77,Cairo,Manufacturing,Basic,-1218.82,33.56,256242.65
21,0,0.07,22048.31,65176,12,4.75,Delta,Services,Basic,-527.76,4.14,115315.85
48,29,30.19,9103.18,19341,50,4.36,Alexandria,Ecommerce,Standard,901.36,-27.63,257798.99
42,23,21.38,24636.92,72892,41,3.33,Cairo,Ecommerce,Basic,752.72,-23.83,233329.38
20,0,-0.85,16278.6,29280,88,3.76,Cairo,Ecommerce,Standard,487.39,-39.92,189378.55
23,1,1.31,11406.6,24967,81,4.15,Cairo,Ecommerce,Basic,675.32,23.59,179252.74
38,17,16.18,10054.46,26147,132,2.56,Cairo,Manufacturing,Basic,-2083.56,-39.41,250225.45
49,29,31.05,133512.39,402383,138,3.75,Cairo,Retail,Premium,1589.3,10.58,384924.48
53,30,29.34,14772.45,42948,117,4.33,Alexandria,Retail,Basic,-203.89,9.69,279574.16
37,13,13.02,6035.34,9557,31,2.97,Cairo,Ecommerce,Standard,1245.89,28.55,211020.09
32,14,13.66,10662.21,22650,8,3.61,Cairo,Services,Standard,-2033.53,-42.54,171008.75
59,37,38.32,17317.12,65140,135,3.83,Alexandria,Ecommerce,Premium,256.57,-29.71,325112.89
38,12,11.53,27122.73,101342,142,4.34,Alexandria,Ecommerce,Basic,-563.5,40.96,281814.92
32,12,12.01,27288.6,74622,39,4.91,Cairo,Services,Standard,572.12,7.22,213055.47
38,18,18.23,29899.23,61247,8,4.62,Cairo,Ecommerce,Standard,317.07,-4.23,212140.26
20,0,-0.95,11097.57,13739,103,4.05,Cairo,Services,Basic,366.05,24.77,206691.74
32,14,15.05,23235.98,75707,89,3.96,Cairo,Manufacturing,Basic,-1058.94,40.25,247879.62
41,20,20.91,9330.86,40069,134,4.01,Delta,Retail,Basic,-56.97,-23.7,252694.61
57,35,35.93,11309.46,17697,87,3.86,Cairo,Ecommerce,Standard,-180.17,40.15,292227.49
50,25,25.19,9043.9,22741,115,2.65,Delta,Manufacturing,Basic,495.31,-39.13,279947.06
52,33,35.03,7382.26,23793,119,4.25,Delta,Retail,Basic,989.3,47.77,295943.99
42,21,21.32,39985.98,94850,3,4.29,Cairo,Services,Standard,150.48,-33.51,228315.5
24,5,4.75,30169.47,71793,24,3.78,Cairo,Services,Standard,-1276.17,-23.38,178491.33
36,11,11.47,37444.91,70571,118,4.68,Cairo,Services,Basic,107.58,-40.34,242396.65
60,37,40.32,18538.63,67761,28,4.18,Cairo,Services,Basic,2611.08,30.37,266016.11
21,0,-1.74,32232.57,108155,32,3.41,Alexandria,Retail,Basic,1646.01,48.42,145397.13
56,35,37.05,4803.79,8441,114,2.55,Cairo,Manufacturing,Standard,-2974.4,-20.3,277446.05
48,29,27.41,34387.3,78679,32,2.65,Delta,Retail,Premium,63.34,-17.44,224021.21
31,5,5.43,20557.21,49807,24,3.38,Alexandria,Services,Standard,932.12,-22.1,139855.92
51,28,30.89,28809.46,64564,4,3.66,Delta,Ecommerce,Standard,-182.33,-34.52,231618.3
54,34,35.66,23936.13,63797,71,2.92,Delta,Retail,Basic,-460.09,28.74,250236.3
21,0,0.22,8585.55,32900,96,2.97,Alexandria,Retail,Premium,-266.96,-43.93,198171.12
24,0,-0.73,5852.34,21345,111,3.08,Upper_Egypt,Manufacturing,Basic,552.19,46.78,171928.45
47,23,23.73,10552.17,45266,136,4.45,Upper_Egypt,Ecommerce,Basic,-1148.47,42.73,261817.68
60,38,38.81,27496.53,57032,99,4.43,Cairo,Retail,Basic,1188.69,-38.16,261338.98
20,0,-1.02,30202.97,83663,114,3.46,Cairo,Ecommerce,Basic,-55.99,2.95,197178.96
47,24,24.34,6452.16,18141,33,2.93,Cairo,Services,Standard,-935.02,49.29,191555.48
25,2,2.32,8623.98,16786,52,2.78,Cairo,Retail,Basic,1124.35,35.26,128703.71
46,23,22.69,10464.04,38322,47,2.72,Alexandria,Ecommerce,Basic,-1545.13,21.51,207700.35
45,27,26.76,13768.63,27451,11,3.48,Cairo,Services,Basic,-555.21,-47.75,209693.94
23,1,-0.74,6480.73,11195,146,2.61,Alexandria,Retail,Premium,-571.68,-43.16,224317.82
47,24,25.23,6195.56,17781,37,3.33,Delta,Manufacturing,Standard,2143.94,29.4,227649.97
56,30,31.61,9718.15,32299,68,4.9,Cairo,Retail,Premium,-685.02,-12.36,266349.08
55,33,34.29,19202.92,53967,55,3.77,Alexandria,Retail,Premium,-2154.97,16.84,261266.0
21,0,1.25,7425.54,21581,8,4.56,Cairo,Retail,Premium,-581.82,23.92,155426.11
30,7,7.32,16502.62,42457,136,2.82,Delta,Ecommerce,Standard,455.55,-7.78,257651.32
29,10,10.81,39816.7,114196,34,3.17,Delta,Ecommerce,Basic,784.08,-35.66,182519.96
38,20,20.99,6780.41,16581,16,4.87,Cairo,Manufacturing,Basic,2276.54,-11.33,198385.65
25,1,0.91,15418.03,31960,53,3.46,Delta,Retail,Basic,1406.9,37.1,112447.62
55,29,29.18,38820.14,93925,23,4.12,Cairo,Ecommerce,Standard,187.92,-16.89,237931.37
51,26,29.66,13153.27,26352,150,4.94,Delta,Services,Basic,-891.42,-43.74,315830.73
53,30,30.31,11706.21,48306,30,3.88,Alexandria,Services,Basic,1624.03,45.91,176070.94
28,10,9.43,43077.19,122711,47,3.26,Cairo,Retail,Standard,-368.56,18.07,227422.91
20,0,0.56,14306.59,41523,42,3.83,Delta,Ecommerce,Basic,-658.16,4.09,160258.88
57,35,36.38,41212.56,137374,5,2.64,Upper_Egypt,Retail,Basic,-417.07,32.91,182050.54
31,11,9.5,24831.07,65449,3,2.78,Delta,Ecommerce,Basic,-1252.29,-8.88,130491.33
46,20,22.06,13918.77,31157,78,2.52,Alexandria,Services,Standard,-465.02,48.51,253261.11
57,33,33.87,25793.94,62668,36,4.71,Delta,Retail,Basic,-233.11,35.76,257077.52
21,0,-1.44,22890.2,64779,14,4.18,Cairo,Manufacturing,Basic,730.66,-21.95,145825.07
20,0,1.55,38707.52,106053,45,3.25,Delta,Ecommerce,Basic,-388.09,-12.9,165683.24
20,0,0.81,11930.67,29819,42,3.05,Delta,Services,Standard,-1267.46,-22.43,131680.3
26,4,2.48,18564.97,68620,65,4.21,Cairo,Ecommerce,Basic,-1603.77,15.93,201672.22
22,0,2.31,17188.4,38674,149,4.8,Cairo,Services,Basic,209.57,13.93,232487.27
53,29,30.73,30523.07,83556,47,3.25,Cairo,Ecommerce,Premium,72.63,2.25,271194.22
44,21,21.62,8343.54,34840,106,3.3,Cairo,Retail,Premium,-554.31,46.58,299018.65
60,38,41.21,38594.3,109688,116,4.64,Cairo,Services,Basic,-467.46,-2.77,327860.21
52,32,33.17,25536.74,57294,9,4.73,Cairo,Services,Basic,388.49,28.37,209604.82
59,38,39.1,6703.82,19928,76,4.79,Alexandria,Services,Basic,1390.55,15.81,247866.31
29,3,2.23,44548.07,124108,68,3.23,Cairo,Services,Standard,-780.14,1.82,209617.48
31,7,7.97,96153.09,272282,77,2.8,Cairo,Retail,Basic,88.9,-45.79,223027.49
54,33,34.61,38158.45,125894,27,3.6,Delta,Manufacturing,Premium,958.27,15.75,264536.88
30,6,6.2,52489.35,188315,71,3.24,Cairo,Retail,Standard,-776.11,14.26,190540.67
22,0,-1.03,19190.21,58852,20,4.71,Alexandria,Retail,Standard,-15.63,-37.51,163610.84
47,26,26.95,5177.09,18028,142,2.59,Delta,Services,Basic,-38.0,29.59,239797.39
52,31,31.84,4514.44,1000,89,4.08,Upper_Egypt,Ecommerce,Premium,-1311.3,-3.3,278629.35
59,33,32.26,21795.06,46340,7,4.77,Alexandria,Retail,Standard,168.5,-17.59,219190.36
58,35,34.14,11546.56,46404,77,4.94,Cairo,Services,Standard,31.54,32.4,322722.93
24,5,5.88,9065.17,29041,140,4.13,Cairo,Ecommerce,Basic,555.08,-15.66,250357.38
51,27,24.43,17172.54,1000,112,4.87,Upper_Egypt,Retail,Standard,-1186.89,12.19,303536.6
54,31,32.2,28561.53,81970,42,2.69,Delta,Manufacturing,Standard,9.97,11.79,241615.83
48,26,26.16,6054.51,32363,134,3.4,Delta,Services,Premium,1381.73,-44.72,317549.93
53,29,31.57,12854.75,14510,29,2.52,Delta,Ecommerce,Standard,2077.5,-7.72,204880.68
54,28,28.2,55855.88,133643,38,4.95,Cairo,Retail,Standard,1280.13,-27.72,274372.13
38,18,19.4,8035.79,1000,25,4.76,Alexandria,Ecommerce,Basic,-1177.07,-30.04,215571.15
21,0,-0.52,34559.85,107263,139,2.57,Delta,Manufacturing,Standard,451.05,15.5,243559.27
38,19,19.72,12513.7,42057,108,2.55,Upper_Egypt,Retail,Premium,-483.15,-48.86,245250.03
28,5,6.11,27104.97,57727,79,3.42,Cairo,Retail,Standard,283.9,46.91,197117.48
24,3,2.49,40991.61,109071,101,3.15,Alexandria,Retail,Basic,-772.22,-10.46,198401.3
25,4,5.42,31385.09,105234,40,4.62,Cairo,Retail,Basic,-1713.47,-20.12,200334.65
48,24,23.43,35596.29,82336,12,2.9,Upper_Egypt,Manufacturing,Standard,-344.52,42.0,214491.73
40,19,19.95,7588.82,23782,128,4.48,Cairo,Ecommerce,Premium,722.6,-1.33,293895.9
42,20,21.8,41496.81,112763,145,3.89,Delta,Ecommerce,Basic,288.0,11.43,281078.76
50,29,30.73,9495.82,1000,7,3.44,Cairo,Manufacturing,Basic,402.95,19.59,179498.6
42,22,25.15,21868.08,65678,9,2.86,Delta,Manufacturing,Premium,216.35,37.14,213776.59
45,26,25.79,21846.84,68683,85,4.99,Delta,Ecommerce,Standard,404.53,-37.03,261540.76
23,0,-1.79,25899.24,82142,8,4.04,Cairo,Services,Basic,529.51,-41.83,156586.25
54,36,35.79,23175.35,33953,109,3.6,Delta,Services,Basic,-274.68,49.37,291355.29
38,18,19.4,9559.3,12081,142,3.43,Upper_Egypt,Retail,Basic,82.89,-49.11,226342.77
26,2,2.71,6540.22,9243,43,4.76,Upper_Egypt,Services,Basic,1743.26,20.82,172731.7
53,34,35.15,34626.98,94535,45,4.55,Cairo,Services,Standard,142.03,11.11,250149.66
50,27,26.35,20692.01,56359,130,4.53,Delta,Retail,Standard,42.56,5.26,321202.28
22,0,1.0,42623.44,107551,55,4.04,Alexandria,Services,Standard,102.88,28.58,195331.21
27,4,2.53,17406.12,31190,37,4.72,Alexandria,Services,Standard,-217.91,49.25,139290.54
20,0,1.51,6274.53,21760,14,3.25,Alexandria,Services,Basic,-435.36,-45.31,143731.89
31,13,17.1,37150.19,111597,127,4.26,Delta,Retail,Basic,208.68,11.45,268623.27
24,0,0.48,13634.37,34146,139,3.51,Cairo,Services,Basic,-505.72,21.68,212855.51
49,29,30.63,23263.24,81190,13,4.0,Cairo,Services,Basic,-145.51,-19.41,198750.6
41,16,15.84,11075.96,7996,121,5.0,Cairo,Ecommerce,Standard,-790.51,39.29,254239.9
60,38,36.79,61781.13,157696,25,4.96,Cairo,Ecommerce,Basic,108.01,-4.3,335015.25
50,31,31.15,9327.32,23378,22,3.78,Cairo,Retail,Standard,584.19,-33.55,203437.39
45,20,19.18,13975.41,40459,58,3.93,Cairo,Retail,Basic,-211.91,35.44,189006.57
40,14,12.54,19510.61,59074,67,4.74,Delta,Services,Basic,-2008.38,44.29,214406.18
22,0,2.24,7934.62,23718,129,4.96,Alexandria,Retail,Basic,590.37,-40.05,183072.38
22,0,0.35,23063.73,68398,106,4.45,Cairo,Services,Standard,120.18,25.17,208987.53
45,25,26.24,60298.34,152646,23,2.66,Delta,Manufacturing,Standard,-993.23,-28.5,240985.19
20,0,-0.4,12460.02,47963,89,3.31,Upper_Egypt,Retail,Standard,773.27,-49.33,176039.72
21,0,-0.22,24209.11,68972,132,4.74,Upper_Egypt,Services,Basic,-1398.43,-23.94,209404.81
28,9,10.52,2289.41,9348,100,4.42,Delta,Ecommerce,Standard,1045.41,35.49,226469.65
56,37,38.07,17482.05,43413,36,4.36,Upper_Egypt,Services,Standard,-57.37,-35.88,234192.08
38,13,14.08,14233.38,44051,21,4.17,Alexandria,Retail,Basic,-2268.87,-36.93,161592.71
49,29,29.62,9742.51,28748,69,3.54,Upper_Egypt,Retail,Basic,178.33,23.9,199988.71
36,12,11.92,40506.38,108039,72,3.51,Upper_Egypt,Manufacturing,Basic,-406.19,-9.36,192284.86
27,8,6.41,14093.15,38212,54,4.52,Cairo,Retail,Basic,-556.85,-35.15,174525.25
35,15,12.88,15756.67,52673,18,3.23,Upper_Egypt,Ecommerce,Premium,-737.73,-27.0,173104.36
23,3,2.75,13564.79,37796,19,4.21,Delta,Ecommerce,Basic,-127.22,29.46,164755.11
51,31,32.0,4274.9,7246,80,4.32,Delta,Retail,Standard,-485.19,12.33,265186.0
27,3,1.42,7701.24,17094,142,4.61,Upper_Egypt,Ecommerce,Standard,-1856.69,26.09,221967.08
35,9,9.23,37010.14,86807,91,3.3,Cairo,Retail,Basic,1272.07,-40.22,193743.05
60,34,35.09,3698.43,13146,67,4.35,Cairo,Retail,Standard,-244.36,-4.19,260249.53
44,20,17.8,10131.36,32359,140,2.77,Delta,Services,Basic,-731.94,29.71,286696.7
38,19,18.38,13337.53,46325,104,2.85,Delta,Manufacturing,Standard,-1128.42,-23.42,219477.0
42,16,17.01,66558.96,179419,108,3.54,Upper_Egypt,Retail,Basic,770.73,-33.08,245011.13
52,30,31.4,32034.86,104978,87,2.64,Upper_Egypt,Retail,Basic,-1298.43,-11.82,236824.79
30,8,6.74,11851.97,29991,115,4.87,Delta,Manufacturing,Basic,133.99,-16.66,225779.04
46,22,22.87,47882.83,124377,76,4.75,Upper_Egypt,Retail,Standard,-583.65,-31.45,244463.75
55,31,33.26,10329.3,18166,94,2.62,Cairo,Manufacturing,Standard,-525.42,45.39,288448.79
43,17,18.52,38366.96,77644,93,4.6,Upper_Egypt,Ecommerce,Standard,-1103.56,-1.69,265731.14
38,15,15.33,6496.18,36717,114,3.77,Cairo,Services,Basic,-620.32,10.81,255056.57
25,2,1.45,40258.26,107607,135,4.25,Alexandria,Ecommerce,Premium,8.81,-37.89,289134.77
30,6,5.36,13273.53,43833,45,4.72,Cairo,Ecommerce,Basic,235.31,11.0,207399.08
58,38,39.75,8322.76,12578,106,3.94,Alexandria,Retail,Standard,-785.59,5.53,319115.57
42,22,22.91,15294.82,68828,6,2.79,Cairo,Manufacturing,Standard,-90.93,43.19,213876.8
32,9,10.09,22162.02,49312,81,2.51,Cairo,Manufacturing,Standard,888.45,-8.77,251826.79
37,19,19.74,12420.03,27648,135,3.74,Delta,Manufacturing,Basic,-1662.63,28.21,278683.82
43,23,24.75,27271.36,78748,98,4.87,Delta,Ecommerce,Standard,-6.27,-19.58,270046.76
42,18,18.66,11624.63,39292,41,3.93,Cairo,Services,Standard,-950.78,7.89,226511.19
48,22,23.68,28664.26,85629,92,3.43,Delta,Services,Basic,-1052.68,42.7,251680.88
30,8,9.37,25079.19,66001,55,2.58,Cairo,Retail,Standard,261.01,12.51,217792.37
46,25,24.7,17196.05,29505,66,4.79,Cairo,Services,Basic,-545.25,21.12,229133.76
38,17,15.16,12927.22,29873,35,3.32,Cairo,Ecommerce,Standard,-1216.8,37.6,216344.43
58,34,37.03,20166.59,32449,95,4.26,Alexandria,Ecommerce,Standard,1324.28,42.54,286266.74
26,4,4.45,27195.79,56479,31,4.24,Delta,Services,Standard,920.09,-29.17,177545.0
26,8,6.01,84497.43,271695,68,3.13,Alexandria,Services,Standard,-1932.31,-30.42,237079.59
38,16,15.55,36413.41,87639,141,2.66,Delta,Ecommerce,Basic,-1474.43,5.05,271785.38
40,19,20.57,37425.95,111692,114,3.46,Alexandria,Services,Standard,593.46,49.55,245354.06
48,24,24.36,180000.0,431885,63,3.29,Delta,Manufacturing,Basic,-284.87,-0.98,337296.97
36,11,10.66,26505.19,88690,146,4.25,Upper_Egypt,Ecommerce,Standard,1500.57,-16.91,275585.7
57,31,33.75,25889.94,86823,4,4.55,Cairo,Retail,Standard,616.34,3.73,231377.11
39,16,15.12,30520.03,75943,145,3.06,Cairo,Retail,Standard,299.47,-43.56,311994.77
25,4,3.08,8445.61,21760,54,3.82,Cairo,Ecommerce,Basic,-1021.86,-32.28,171617.81
24,3,3.36,12902.82,29603,124,2.6,Alexandria,Services,Basic,491.44,-35.11,204271.81
59,38,39.65,12314.1,40789,143,3.04,Alexandria,Manufacturing,Standard,-1275.76,-47.21,321644.67
25,0,0.65,29255.93,45938,91,4.4,Cairo,Retail,Basic,1305.24,22.22,202223.54
58,33,35.17,15795.75,53511,92,4.48,Upper_Egypt,Retail,Basic,422.14,-17.45,295887.92
31,6,6.44,19966.17,74380,113,4.44,Upper_Egypt,Services,Basic,-824.83,-33.15,213742.41
23,3,3.73,40689.2,96077,37,2.86,Cairo,Ecommerce,Standard,804.68,1.22,175509.23
32,12,12.02,34388.93,101926,28,3.88,Cairo,Manufacturing,Basic,2241.52,-17.66,226579.67
45,20,20.68,15943.97,47485,53,3.56,Cairo,Manufacturing,Standard,-217.62,-10.7,220738.94
37,15,15.59,10890.33,24170,73,4.98,Cairo,Services,Premium,550.41,-18.45,224462.11
52,28,29.12,42175.01,119972,112,4.14,Upper_Egypt,Ecommerce,Standard,-431.83,-49.6,285101.2
45,23,24.69,32162.15,71989,40,4.84,Alexandria,Retail,Basic,85.35,18.83,197335.48
36,15,16.17,5396.11,14098,86,2.86,Cairo,Services,Basic,-1507.23,-38.93,174596.9
46,23,23.75,14232.19,47985,2,3.63,Alexandria,Manufacturing,Basic,-0.53,-28.09,170548.7
59,34,33.97,20379.07,54208,6,4.43,Cairo,Services,Standard,43.58,-30.97,235837.35
36,15,15.54,32281.49,119805,146,3.42,Cairo,Manufacturing,Standard,1799.0,-16.86,313675.92
26,1,0.99,35621.45,110648,128,4.08,Cairo,Retail,Basic,-1795.0,-33.98,243320.76
36,16,16.73,22271.35,52830,130,3.78,Delta,Retail,Basic,-280.88,-15.3,254222.98
54,33,36.86,27919.0,55969,50,4.98,Alexandria,Services,Basic,1288.12,-25.67,240288.97
28,2,1.38,18887.01,46808,78,2.93,Upper_Egypt,Manufacturing,Basic,-241.77,-43.88,176413.99
58,32,33.51,10858.88,38117,102,4.84,Cairo,Services,Premium,-171.34,37.06,341194.47
44,18,19.93,14796.99,34011,39,3.5,Delta,Ecommerce,Basic,-833.26,-19.44,197130.81
44,24,24.85,18258.22,33528,112,3.67,Cairo,Retail,Basic,-932.61,-40.47,266728.64
32,7,10.25,17537.87,49456,105,3.82,Cairo,Ecommerce,Basic,-1825.85,2.15,206410.24
57,31,31.44,4376.25,28272,62,3.16,Upper_Egypt,Services,Basic,-629.22,-37.67,231720.1
21,0,0.42,13359.92,29487,66,4.91,Delta,Retail,Basic,-989.36,27.31,196654.37
32,14,13.38,18775.0,47280,47,4.78,Cairo,Ecommerce,Basic,118.04,-43.84,222166.43
37,13,12.93,14575.53,22638,121,4.93,Alexandria,Ecommerce,Basic,-787.67,-3.54,246336.69
39,13,13.71,14958.11,40121,149,4.99,Delta,Services,Basic,-479.59,44.38,262464.53
39,15,16.55,25955.03,79423,150,4.17,Upper_Egypt,Retail,Standard,-452.21,-34.1,260354.32
26,6,6.59,8013.71,1000,116,3.63,Delta,Retail,Standard,-48.17,-29.86,201689.45
29,5,6.79,5308.66,26962,54,4.63,Cairo,Manufacturing,Basic,-528.52,10.05,194822.59
23,5,5.03,13863.29,50221,118,2.56,Alexandria,Ecommerce,Premium,-1061.79,47.99,242345.67
43,21,21.2,31927.18,100570,38,4.59,Cairo,Ecommerce,Basic,85.77,-11.42,253537.75
34,11,14.85,63818.08,136759,135,3.74,Cairo,Ecommerce,Premium,1067.48,14.86,323312.85
43,21,22.14,32361.45,82962,41,4.18,Alexandria,Ecommerce,Premium,128.47,-34.77,236327.17
44,20,19.66,5984.51,22548,62,3.44,Delta,Retail,Basic,-609.82,14.14,181695.05
48,28,27.94,15121.18,49624,15,3.42,Cairo,Services,Basic,-123.15,-24.73,191996.75
42,19,18.34,21820.45,20153,14,2.58,Delta,Ecommerce,Premium,-2050.63,11.33,190870.71
46,23,24.91,20564.48,49459,60,3.56,Delta,Retail,Basic,-139.4,-41.13,239519.15
44,21,21.16,26973.37,66758,83,3.52,Delta,Retail,Basic,-400.35,2.5,257892.46
46,26,26.95,9048.37,20538,4,3.06,Cairo,Ecommerce,Standard,-933.46,-26.26,216035.17
45,25,25.67,18898.43,61488,128,3.12,Cairo,Manufacturing,Standard,-752.1,18.17,292341.16
32,12,13.31,24670.64,64007,19,3.96,Cairo,Ecommerce,Premium,-410.23,24.77,189356.72
30,8,7.14,33435.73,93391,150,3.29,Cairo,Retail,Standard,992.46,34.81,269899.54
52,29,28.47,9836.33,39277,42,4.58,Cairo,Manufacturing,Premium,1092.06,49.24,250806.81
34,13,13.68,13894.65,37453,58,2.78,Cairo,Retail,Standard,-928.13,-4.06,222040.13
42,21,22.41,2369.1,10129,25,3.94,Cairo,Retail,Standard,-518.08,17.06,165844.2
28,8,8.67,11294.04,23438,124,2.9,Cairo,Manufacturing,Standard,-492.59,-48.16,242730.96
37,18,17.49,12146.74,32879,111,3.82,Upper_Egypt,Ecommerce,Premium,809.55,40.51,248417.0
41,18,19.42,8378.62,28161,13,3.88,Delta,Manufacturing,Premium,145.51,11.57,193958.25
45,20,19.63,20380.55,11974,17,4.11,Cairo,Ecommerce,Premium,92.79,-7.87,240126.0
41,21,20.95,17260.36,74607,92,3.57,Upper_Egypt,Ecommerce,Standard,536.26,-6.57,263054.39
34,9,8.04,3306.74,13743,131,3.77,Cairo,Retail,Standard,-596.41,25.8,238742.91
59,36,38.77,21157.68,53527,18,2.95,Cairo,Services,Basic,1363.89,33.35,235784.5
41,22,23.48,8972.18,42784,34,3.66,Delta,Manufacturing,Premium,-1.74,30.79,206132.7
53,32,33.75,25910.25,71029,83,3.43,Alexandria,Manufacturing,Basic,-855.91,1.06,267418.38
50,32,34.58,6882.51,20192,18,4.17,Cairo,Services,Basic,-229.64,-12.89,234719.04
42,24,28.38,18409.68,25034,47,3.59,Cairo,Services,Basic,1231.93,44.55,222783.13
56,35,33.83,14555.94,56732,3,4.45,Alexandria,Retail,Standard,-425.14,13.42,211529.66
25,3,2.13,22594.31,65033,76,3.56,Delta,Services,Standard,949.56,4.37,183917.25
57,32,32.16,19764.64,57944,108,3.09,Cairo,Manufacturing,Basic,-625.35,9.83,299403.07
54,35,34.94,14864.84,51639,63,3.18,Alexandria,Retail,Basic,-765.66,12.99,217833.41
40,15,14.05,5686.91,24475,40,2.61,Cairo,Services,Basic,659.6,21.31,154919.59
50,30,30.51,5944.5,16154,65,3.85,Alexandria,Manufacturing,Basic,-873.97,5.32,246966.21
41,22,21.08,11616.85,44249,77,4.58,Cairo,Services,Basic,822.54,37.54,235068.0
31,7,7.65,17888.57,80224,26,4.42,Upper_Egypt,Services,Standard,351.63,35.97,137530.19
52,28,28.91,11406.53,35419,18,3.59,Delta,Services,Basic,-873.59,-5.77,214742.76
30,7,7.84,28768.49,69800,29,2.99,Cairo,Retail,Basic,-71.44,-33.15,137019.56
32,13,14.05,14599.04,28665,148,4.66,Delta,Retail,Basic,-548.77,7.67,250202.82
41,22,23.44,8728.66,35214,109,2.64,Cairo,Retail,Standard,348.98,12.07,236541.9
54,33,33.5,14611.36,37350,20,3.5,Cairo,Retail,Premium,1887.8,2.34,234584.07
35,13,16.15,21322.58,52153,46,4.64,Alexandria,Retail,Basic,-370.7,39.06,174220.82
40,14,14.72,22966.47,53075,63,3.48,Alexandria,Services,Basic,533.78,-40.7,211275.4
21,1,-1.39,73637.63,190816,28,2.79,Delta,Retail,Standard,24.44,-21.26,170451.01
24,5,3.85,10899.2,29163,128,3.16,Upper_Egypt,Manufacturing,Basic,24.06,36.58,219180.69
22,0,-2.26,17034.88,43675,142,4.0,Cairo,Retail,Standard,-165.21,43.94,225728.16
22,3,3.11,24778.21,88647,38,2.88,Cairo,Services,Premium,-857.42,-7.41,223917.52
55,37,37.95,17686.55,56245,4,4.14,Delta,Manufacturing,Standard,335.14,-30.74,194383.65
54,33,33.38,12365.47,30765,41,3.6,Cairo,Retail,Premium,-288.74,-7.97,226077.51
53,32,35.57,5631.8,4562,88,3.34,Cairo,Services,Basic,-904.8,-4.38,287324.64
22,0,0.71,12271.09,44911,122,3.1,Upper_Egypt,Manufacturing,Basic,1014.17,1.96,194307.78
23,0,0.94,8045.36,35378,52,4.56,Delta,Services,Basic,99.01,-22.56,160520.8
31,5,3.94,4930.38,16261,42,3.49,Upper_Egypt,Retail,Basic,-228.1,-18.74,138243.5
43,23,22.39,9910.68,23166,39,4.35,Cairo,Ecommerce,Basic,1340.06,15.56,232337.61
33,7,7.26,8207.54,32569,2,3.6,Cairo,Ecommerce,Standard,-1836.08,12.18,164128.31
39,16,16.7,27888.42,72756,4,2.73,Alexandria,Services,Standard,1272.82,16.21,150728.02
27,9,6.86,28252.75,88793,65,3.6,Upper_Egypt,Retail,Basic,-880.19,-12.27,189662.76
49,23,23.46,9138.19,46249,94,3.77,Cairo,Retail,Standard,211.53,-16.35,265273.27
32,13,13.41,14808.48,43748,3,3.64,Cairo,Ecommerce,Basic,-588.06,-14.85,192673.93
22,0,-0.28,4466.88,6150,31,4.54,Cairo,Services,Basic,-923.0,45.12,179898.65
50,25,24.69,12423.83,45868,137,4.78,Delta,Retail,Basic,1313.89,-10.48,283429.12
57,37,37.41,24278.91,67163,149,4.47,Delta,Services,Standard,1856.22,10.61,315745.13
20,0,-0.23,33417.35,76802,97,3.96,Delta,Manufacturing,Standard,-221.23,2.28,242050.86
37,15,15.57,10544.31,35280,79,3.85,Cairo,Retail,Standard,335.47,37.62,205077.29
53,28,29.63,39617.18,125874,88,4.11,Delta,Retail,Basic,56.99,-13.09,267182.83
48,28,30.25,5775.37,12251,57,3.22,Alexandria,Services,Basic,1730.51,-6.59,210134.89
55,32,32.58,7061.45,15762,32,4.53,Cairo,Ecommerce,Premium,-2113.15,34.28,259951.01
37,15,14.86,30649.56,61790,58,4.64,Cairo,Services,Basic,377.12,-33.9,236747.82
35,16,17.05,63036.42,197316,106,3.17,Alexandria,Manufacturing,Basic,-727.13,9.43,268208.92
49,25,26.54,26061.15,54341,100,4.76,Cairo,Retail,Basic,-2355.96,-10.01,280029.32
26,1,0.47,17463.53,34400,102,4.62,Upper_Egypt,Services,Basic,-360.53,48.58,175371.21
29,6,7.21,3469.41,28408,92,3.56,Alexandria,Services,Standard,1848.05,22.14,197856.53
44,25,27.02,3949.29,18080,11,4.77,Cairo,Services,Basic,-656.05,-48.94,185703.79
47,28,30.52,19834.62,56343,95,2.8,Delta,Services,Standard,790.77,33.95,250775.68
24,3,5.4,13760.81,42780,133,2.57,Delta,Ecommerce,Premium,1198.67,20.32,235490.62
40,18,17.41,7853.78,27401,98,3.37,Cairo,Services,Basic,-12.7,6.1,264333.57
34,12,12.38,18906.79,57895,88,3.91,Delta,Ecommerce,Basic,120.46,-26.39,214114.65
40,20,20.61,19623.35,36393,35,3.38,Cairo,Retail,Standard,-1716.3,-35.07,164941.88
59,37,37.98,36550.09,83167,120,4.86,Cairo,Services,Standard,-716.16,12.84,366627.69
23,3,2.25,19941.91,77291,69,3.14,Delta,Services,Premium,907.01,-6.01,202708.55
60,36,35.15,45225.79,134880,41,3.2,Alexandria,Services,Basic,60.68,36.16,248821.05
38,13,13.51,18108.24,38056,74,4.09,Cairo,Retail,Standard,367.34,-23.76,213457.58
51,28,27.84,16508.42,31038,20,2.51,Cairo,Manufacturing,Premium,133.16,13.75,208468.28
37,19,19.68,39989.06,110377,140,4.32,Alexandria,Manufacturing,Basic,2192.0,-25.12,326325.15
32,6,5.15,8641.2,23848,106,3.44,Cairo,Ecommerce,Standard,-430.52,13.63,229791.8
51,33,32.56,148592.45,477964,50,4.94,Upper_Egypt,Manufacturing,Standard,1605.41,-45.17,316252.37
48,22,22.96,23850.73,72717,120,4.23,Alexandria,Retail,Standard,133.5,-10.83,281829.71
25,7,7.41,23950.61,69795,10,2.63,Upper_Egypt,Services,Basic,1694.2,-32.73,143393.2
48,26,27.53,26687.46,104692,59,2.73,Cairo,Services,Basic,-1224.98,10.59,233370.72
50,32,35.8,73569.03,176745,99,2.72,Delta,Manufacturing,Basic,184.65,-18.33,275905.16
35,17,17.87,32614.35,70876,5,4.88,Cairo,Retail,Premium,-393.69,27.15,198369.14
57,33,34.62,5400.98,1000,107,4.21,Cairo,Retail,Basic,139.47,-38.54,259112.21
46,22,21.26,51571.78,113079,123,3.57,Cairo,Ecommerce,Basic,1222.38,5.62,325228.93
33,14,12.75,13939.12,35285,90,3.0,Cairo,Retail,Premium,378.81,9.37,235361.1
20,0,2.06,19506.31,36513,32,4.68,Upper_Egypt,Ecommerce,Basic,1220.38,-47.79,117791.61
47,27,26.61,6895.93,17626,113,3.0,Delta,Retail,Standard,-670.22,-46.4,258951.12
28,8,6.88,26709.61,41117,52,4.27,Delta,Ecommerce,Basic,-822.83,-19.18,191950.06
51,31,31.88,11043.49,26930,111,4.41,Alexandria,Manufacturing,Standard,16.11,10.91,285356.1
41,19,19.45,19404.38,37595,95,3.24,Alexandria,Ecommerce,Basic,-38.65,46.26,218887.79
39,20,19.43,14545.73,36525,15,3.76,Delta,Retail,Standard,-185.86,-40.92,158637.49
26,5,4.75,76258.69,175472,16,3.06,Delta,Retail,Standard,-958.63,20.32,192504.9
49,30,32.5,79604.21,251444,4,3.45,Alexandria,Retail,Basic,1198.65,19.27,236047.78
26,8,7.19,18639.01,43527,12,4.91,Delta,Retail,Basic,-362.84,16.95,157964.44
37,16,14.67,18884.76,56699,46,4.23,Cairo,Services,Basic,1426.08,1.61,210520.45
54,30,32.13,13602.99,41435,5,4.62,Upper_Egypt,Services,Standard,12.74,46.68,209225.62
57,33,34.63,41259.3,125180,141,3.85,Cairo,Retail,Basic,648.43,0.18,314074.09
60,38,38.33,14064.89,41190,138,3.1,Cairo,Retail,Basic,557.71,33.83,301117.86
59,38,37.08,13123.03,44784,27,4.28,Upper_Egypt,Manufacturing,Basic,-824.27,-23.75,247311.55
42,17,16.54,37499.08,105667,48,3.75,Cairo,Retail,Standard,367.2,30.63,248588.53
28,4,4.05,12020.91,38869,112,2.94,Cairo,Services,Standard,1928.33,49.65,194161.95
54,29,31.39,17497.46,45429,100,3.53,Cairo,Services,Basic,251.61,41.01,264164.67
52,26,25.43,5498.02,23118,88,4.09,Alexandria,Retail,Premium,901.28,-19.59,279841.7
60,35,35.94,30524.04,103742,149,4.34,Upper_Egypt,Manufacturing,Standard,693.27,34.62,365980.4
46,20,21.48,77170.86,226376,95,3.11,Delta,Retail,Premium,307.05,-40.47,320238.07
25,4,1.02,30916.52,64080,101,4.69,Alexandria,Ecommerce,Standard,186.48,17.77,225977.21
40,19,20.91,53877.94,139799,76,3.45,Upper_Egypt,Ecommerce,Basic,547.32,-15.79,260179.29
38,18,17.0,9542.88,22737,80,3.18,Delta,Ecommerce,Premium,763.28,15.87,241486.51
54,34,35.45,21490.59,59295,45,2.99,Upper_Egypt,Ecommerce,Standard,-1352.16,-8.78,256321.81
36,12,12.68,8872.9,23962,79,4.51,Cairo,Ecommerce,Standard,247.3,-49.1,250995.11
33,9,10.68,15173.46,49039,138,3.39,Alexandria,Services,Basic,-184.08,-26.87,212002.06
23,0,0.72,32121.65,89257,58,3.71,Cairo,Services,Basic,-391.53,-45.76,187419.95
54,35,32.96,19428.43,53414,21,3.06,Cairo,Ecommerce,Standard,1295.96,-7.27,261210.28
50,28,27.82,6239.44,28119,91,4.22,Delta,Services,Basic,-733.15,34.01,246736.16
21,2,2.24,6713.36,9088,118,4.45,Cairo,Services,Standard,-1394.77,23.8,223635.05
37,11,11.08,6388.5,20522,144,3.35,Alexandria,Retail,Basic,795.72,28.89,203004.16
39,19,20.19,26022.49,87144,82,4.86,Delta,Retail,Standard,-1420.39,30.72,257792.72
39,20,21.63,84630.33,238246,119,2.58,Cairo,Services,Basic,-1927.94,-12.81,298558.51
57,34,35.81,50009.62,154981,39,2.83,Alexandria,Retail,Basic,908.27,0.6,221681.03
26,1,0.75,4342.21,26180,65,3.97,Delta,Services,Basic,158.72,0.85,151160.26
32,6,3.78,52257.25,179591,64,4.25,Upper_Egypt,Retail,Standard,472.72,-38.68,207329.31
27,9,8.68,36331.03,108264,51,3.13,Cairo,Services,Standard,-442.43,9.81,193680.42
30,10,10.84,5648.54,11961,108,3.89,Upper_Egypt,Ecommerce,Premium,-1384.41,22.02,238096.09
57,38,37.72,14338.82,60954,133,3.3,Delta,Services,Standard,-1185.79,11.1,278618.99
58,38,39.96,40936.15,120301,50,3.89,Delta,Ecommerce,Standard,-272.19,24.6,307641.57
21,0,1.18,27199.45,75106,22,4.15,Cairo,Retail,Standard,-1272.4,-38.11,159520.71
45,25,25.91,6743.31,6063,124,4.93,Delta,Retail,Standard,307.05,26.14,256401.39
29,11,7.35,28457.97,101099,128,3.64,Delta,Ecommerce,Premium,-462.46,-29.19,233478.76
27,5,3.49,3622.8,5245,141,4.12,Cairo,Ecommerce,Standard,185.04,37.68,274062.94
31,13,15.84,15229.82,38909,40,3.95,Upper_Egypt,Ecommerce,Basic,155.15,-25.51,185942.73
27,7,6.5,42259.93,113017,109,3.29,Upper_Egypt,Ecommerce,Standard,386.8,-0.8,237413.09
40,22,20.08,18250.04,53860,108,3.13,Alexandria,Ecommerce,Basic,499.48,-1.27,269130.82
60,38,40.75,12381.07,51744,119,4.97,Delta,Ecommerce,Basic,-343.9,-23.11,330151.16
44,23,23.71,35071.24,92309,122,3.02,Alexandria,Ecommerce,Standard,183.97,-13.83,291294.26
49,24,26.16,37391.21,92290,143,4.48,Delta,Ecommerce,Premium,236.01,-31.44,329724.11
40,16,16.84,48081.69,118765,73,2.87,Delta,Retail,Basic,-2428.89,7.01,202002.41
20,2,2.66,34678.8,93579,13,4.51,Cairo,Retail,Basic,646.53,41.3,162476.32
23,5,5.62,40504.09,114846,30,2.96,Cairo,Services,Premium,149.94,-18.34,220391.68
31,10,11.21,31188.62,73884,134,4.92,Cairo,Services,Basic,564.05,0.81,267695.32
29,6,9.14,21966.49,67523,127,4.21,Upper_Egypt,Ecommerce,Basic,-1286.84,36.19,256096.87
54,30,32.16,19249.85,59633,3,2.73,Cairo,Services,Standard,-315.77,-4.75,211930.03
54,29,27.82,15065.8,35203,56,4.23,Upper_Egypt,Retail,Premium,-1091.53,33.13,250223.1
55,34,35.6,7250.68,30674,38,4.01,Alexandria,Ecommerce,Standard,744.6,-5.36,291536.92
46,27,29.29,8792.4,41701,49,3.34,Cairo,Retail,Standard,-1405.12,-5.98,255330.58
42,24,26.28,14568.49,60671,97,3.15,Upper_Egypt,Ecommerce,Basic,-928.65,-34.28,266844.3
46,27,27.26,21573.4,64506,77,4.3,Alexandria,Retail,Basic,534.31,-37.5,230190.51
36,18,20.05,53036.55,141209,73,4.35,Cairo,Services,Standard,-629.37,11.15,306131.63
47,22,23.87,17444.49,47137,66,3.32,Cairo,Services,Premium,-928.39,32.73,250105.92
52,32,36.3,38205.48,118492,97,4.69,Cairo,Retail,Basic,906.72,-36.46,291912.25
51,26,25.8,40441.58,124603,103,3.17,Cairo,Retail,Basic,947.71,41.01,230529.5
45,23,23.03,15131.62,50908,8,2.67,Cairo,Retail,Basic,722.07,-14.11,175973.13
22,0,-0.4,28117.42,80541,22,4.0,Delta,Services,Basic,848.71,-7.47,119872.77
49,27,27.17,14995.13,45162,52,2.77,Cairo,Services,Basic,-231.58,39.45,225701.66
35,10,9.14,48519.88,119406,66,3.19,Cairo,Ecommerce,Basic,-204.59,39.63,200560.92
50,32,29.37,28998.79,58278,150,3.77,Cairo,Retail,Standard,-648.08,2.49,358980.51
42,24,24.15,7370.67,21947,134,3.22,Cairo,Services,Basic,167.73,-22.32,279575.15
56,35,36.53,20318.16,77198,98,3.04,Upper_Egypt,Retail,Standard,-527.9,-32.81,305571.41
33,12,11.72,61957.95,177366,7,4.26,Cairo,Manufacturing,Standard,-433.07,-22.84,194634.4
58,36,39.6,15712.37,45271,17,3.87,Cairo,Ecommerce,Premium,599.9,28.06,293538.74
54,30,30.92,25182.72,56267,70,4.6,Alexandria,Manufacturing,Premium,1184.54,-17.54,256152.05
33,10,11.98,27106.7,72701,89,3.95,Upper_Egypt,Manufacturing,Basic,398.26,19.46,209749.75
39,19,19.91,8272.23,37599,100,3.71,Delta,Services,Basic,1794.32,-30.48,215570.51
41,21,22.7,26401.02,91468,23,3.15,Delta,Ecommerce,Standard,-705.52,-2.15,195790.51
51,27,28.17,6328.07,17877,134,4.48,Upper_Egypt,Services,Basic,-1837.97,-14.79,260583.22
48,29,31.65,11258.84,40514,75,2.99,Delta,Manufacturing,Basic,714.63,0.36,213887.96
54,32,33.03,40332.76,94900,90,3.11,Upper_Egypt,Services,Basic,-771.83,6.99,234316.9
35,13,14.03,23522.07,63986,7,4.6,Cairo,Services,Premium,-273.69,49.09,197611.51
40,16,16.96,14325.1,50022,124,4.35,Delta,Manufacturing,Basic,-1769.8,39.99,253055.5
37,13,13.02,25159.05,76161,82,4.03,Upper_Egypt,Manufacturing,Standard,-899.21,19.59,241644.99
57,35,36.58,17206.76,45680,35,2.6,Upper_Egypt,Manufacturing,Basic,-1502.23,-34.63,212570.5
32,12,15.26,18170.61,55408,49,2.82,Alexandria,Retail,Standard,-434.3,41.9,200563.84
44,23,23.34,29458.59,78193,54,3.75,Delta,Retail,Basic,-394.55,39.26,184901.17
24,3,3.64,10431.67,15716,6,4.37,Cairo,Services,Premium,89.96,38.67,159419.7
54,35,37.69,18552.86,61280,142,3.66,Delta,Services,Standard,1239.72,-2.1,328132.37
35,12,13.84,14241.65,65304,121,2.54,Cairo,Services,Basic,676.91,-32.93,235278.43
33,14,14.44,5480.35,2069,134,2.96,Alexandria,Retail,Basic,-1622.17,25.44,209812.37
43,20,17.5,9025.28,12554,54,3.97,Delta,Ecommerce,Standard,608.02,-11.15,235643.98
40,16,17.15,58353.92,171052,85,4.24,Cairo,Retail,Standard,111.75,-15.54,258184.64
54,28,25.95,24020.66,61120,70,2.58,Cairo,Ecommerce,Basic,-97.83,-10.92,232232.41
41,22,24.57,6670.4,24499,72,2.61,Cairo,Manufacturing,Basic,-22.7,5.91,224640.04
41,17,17.73,5669.53,21865,89,3.15,Delta,Ecommerce,Basic,204.55,-16.65,214314.95
24,6,7.48,16547.73,44507,69,2.71,Delta,Services,Basic,-691.89,18.99,155699.22
20,0,-1.17,58047.5,158847,117,3.85,Delta,Retail,Basic,-182.35,14.77,210323.64
36,17,15.49,15647.37,33729,10,2.81,Cairo,Retail,Basic,1183.94,0.89,137790.51
60,38,39.48,47972.19,164725,30,4.12,Delta,Ecommerce,Basic,-703.91,-44.6,259243.84
57,38,39.1,23437.09,44699,134,4.44,Delta,Services,Premium,-1029.89,43.65,362977.61
45,27,27.17,25631.18,49878,133,4.93,Cairo,Retail,Standard,-61.71,-8.83,317358.1
45,20,20.71,6609.98,6225,123,4.87,Cairo,Manufacturing,Premium,-1130.57,-5.05,317471.09
36,18,22.14,36361.62,77019,56,3.18,Alexandria,Ecommerce,Standard,-1722.78,-4.4,238448.52
27,6,7.26,14001.62,49855,69,2.57,Cairo,Manufacturing,Standard,-344.47,-13.5,179715.0
20,0,1.36,34387.43,105088,5,3.32,Cairo,Services,Basic,1448.62,17.46,107523.6
33,7,8.31,9774.18,32338,43,4.27,Cairo,Manufacturing,Standard,-38.6,-48.61,174012.35
32,7,9.13,20556.12,35158,110,2.65,Cairo,Retail,Basic,178.58,37.35,192590.8
27,8,7.99,23438.36,47529,53,3.4,Cairo,Retail,Standard,-2130.15,-39.76,175592.37
30,4,1.45,16036.17,49342,73,3.25,Cairo,Manufacturing,Premium,438.13,49.97,230934.84
21,0,-0.25,24380.43,37372,20,3.05,Delta,Manufacturing,Premium,93.37,12.81,170432.26
44,25,26.81,14740.13,51075,75,4.27,Alexandria,Services,Basic,-664.91,-43.38,279270.96
58,36,35.82,11062.68,12614,109,4.15,Alexandria,Retail,Standard,180.05,6.24,277688.16
48,22,22.43,60008.38,186276,87,3.84,Delta,Services,Basic,170.12,-16.87,291314.23
38,17,16.61,39531.05,80826,84,4.78,Alexandria,Ecommerce,Basic,-1059.49,45.3,283594.45
37,18,20.49,10172.86,34215,138,2.76,Cairo,Manufacturing,Basic,331.85,25.55,253343.58
32,7,8.18,27569.36,89647,36,2.87,Cairo,Services,Basic,1197.14,0.7,175954.38
25,0,0.85,10312.56,8239,46,3.46,Cairo,Retail,Standard,-227.94,-7.02,177795.35
44,18,19.35,7402.8,27590,94,4.14,Alexandria,Ecommerce,Basic,-867.59,49.59,236848.55
43,17,17.46,39084.61,94359,73,3.96,Alexandria,Ecommerce,Basic,-177.58,16.74,235984.74
20,0,0.26,5014.32,15298,147,2.69,Cairo,Services,Premium,854.61,1.39,227980.84
37,15,13.91,36071.88,117862,10,4.9,Alexandria,Ecommerce,Standard,-1226.32,-10.21,168678.14
31,12,9.52,14892.09,38333,20,3.26,Upper_Egypt,Manufacturing,Basic,578.56,-17.54,146212.28
26,3,3.29,15359.16,33257,52,3.4,Cairo,Retail,Standard,-678.01,20.54,158099.49
48,29,30.29,24475.81,81209,70,4.06,Alexandria,Services,Standard,242.06,8.79,243062.16
41,19,21.14,27834.35,51054,134,4.86,Alexandria,Ecommerce,Standard,-564.33,34.82,308692.5
45,22,24.7,9685.35,36715,75,4.16,Delta,Services,Standard,-567.02,5.36,208081.25
49,23,25.73,30835.48,81097,67,4.89,Delta,Manufacturing,Premium,1523.09,8.23,286332.48
60,38,37.84,19597.45,58486,26,2.97,Delta,Ecommerce,Basic,-1409.09,-2.26,237361.26
52,32,32.5,7016.96,35635,66,4.05,Cairo,Services,Standard,485.37,26.26,255898.05
45,21,22.25,15846.77,51022,81,4.57,Alexandria,Retail,Basic,1731.32,-8.5,230693.81
